match_id,date,home_team,away_team,result,p_home,p_draw,p_away,vig
49477,2023-08-11,Burnley,Man City,A,0.11806956662093454,0.17173755144863206,0.7101928819304333,0.05869788106630214
49483,2023-08-12,Newcastle,Aston Villa,H,0.5413887799136916,0.2526480972930561,0.20596312279325227,0.05548654244306417
49478,2023-08-12,Arsenal,Nott'm Forest,H,0.8017715332926084,0.13515577275503968,0.06307269395235185,0.0569814366424537
49479,2023-08-12,Bournemouth,West Ham,D,0.35051546391752575,0.27835051546391754,0.3711340206185567,0.056644880174292034
49481,2023-08-12,Everton,Fulham,A,0.43220338983050843,0.2796610169491525,0.288135593220339,0.051693404634581164
49482,2023-08-12,Sheffield United,Crystal Palace,A,0.31549771029163654,0.28681610026512416,0.39768618944323936,0.05653170359052706
49480,2023-08-12,Brighton,Luton,H,0.7196336410554626,0.17402049865523006,0.10634586028930725,0.0448089921774133
49484,2023-08-13,Brentford,Tottenham,D,0.3411487662537115,0.2759291491757961,0.3829220845704924,0.06591727600130959
49485,2023-08-13,Chelsea,Liverpool,D,0.3255813953488372,0.27770177838577287,0.39671682626538984,0.05911330049261099
49486,2023-08-14,Man United,Wolves,H,0.7196336410554626,0.17402049865523006,0.10634586028930725,0.0448089921774133
49487,2023-08-18,Nott'm Forest,Sheffield United,H,0.48519443453442745,0.27827327863003926,0.23653228683553335,0.05693815987933637
49488,2023-08-19,Fulham,Brentford,A,0.3515188335358444,0.28760631834750905,0.3608748481166464,0.05362881028280286
49490,2023-08-19,Wolves,Brighton,A,0.23725953425582186,0.249746878164023,0.5129935875801553,0.053698435277382384
49492,2023-08-19,Man City,Newcastle,H,0.5709391949757351,0.2383671139023694,0.19069369112189552,0.04880239520958085
49491,2023-08-19,Tottenham,Man United,H,0.33849557522123896,0.26327433628318586,0.39823008849557523,0.0550887021475257
49489,2023-08-19,Liverpool,Bournemouth,H,0.7913043478260869,0.13565217391304346,0.07304347826086957,0.05311355311355315
49494,2023-08-20,West Ham,Chelsea,H,0.25339366515837103,0.27149321266968324,0.4751131221719457,0.05238095238095242
49493,2023-08-20,Aston Villa,Everton,H,0.5546995377503853,0.2357473035439137,0.20955315870570107,0.06045751633986929
49495,2023-08-21,Crystal Palace,Arsenal,A,0.17204301075268816,0.23655913978494622,0.5913978494623655,0.05681818181818188
49496,2023-08-25,Chelsea,Luton,H,0.7397444519166108,0.17350369872225962,0.08675184936112981,0.04792107117688493
49500,2023-08-26,Everton,Wolves,A,0.41395531164249316,0.2885143081144649,0.2975303802430419,0.05031291172595531
49501,2023-08-26,Man United,Nott'm Forest,H,0.7250755287009064,0.1570996978851964,0.1178247734138973,0.06089743589743568
49498,2023-08-26,Arsenal,Fulham,D,0.7913043478260869,0.13565217391304346,0.07304347826086957,0.05311355311355315
49499,2023-08-26,Brentford,Crystal Palace,D,0.44510940714419295,0.2814662427529456,0.27342435010286137,0.044948211842876784
49497,2023-08-26,Bournemouth,Tottenham,A,0.24982124483353968,0.25315219476465356,0.49702656040180676,0.05338477082759252
49502,2023-08-26,Brighton,West Ham,A,0.619757688723206,0.1996272134203169,0.18061509785647717,0.0545972775074941
49504,2023-08-27,Sheffield United,Man City,A,0.07280080889787664,0.11830131445904954,0.8088978766430739,0.056623931623931645
49505,2023-08-27,Newcastle,Liverpool,A,0.4310344827586207,0.25287356321839083,0.3160919540229885,0.05454545454545445
49503,2023-08-27,Burnley,Aston Villa,A,0.2792207792207792,0.2792207792207792,0.44155844155844154,0.05335157318741457
49506,2023-09-01,Luton,West Ham,A,0.20017356089094587,0.25021695111368236,0.5496094879953717,0.05171889260724072
49507,2023-09-02,Sheffield United,Everton,D,0.3276209677419355,0.2923387096774194,0.3800403225806452,0.052519893899204195
49510,2023-09-02,Chelsea,Nott'm Forest,A,0.6775907883082374,0.21080602302922938,0.11160318866253321,0.05415499533146595
49508,2023-09-02,Brentford,Bournemouth,D,0.5496094879953717,0.25021695111368236,0.20017356089094587,0.05171889260724072
49509,2023-09-02,Burnley,Tottenham,A,0.26001405481377377,0.23401264933239635,0.5059732958538299,0.06831831831831825
49511,2023-09-02,Man City,Fulham,H,0.8168266285480907,0.11946089442515825,0.06371247702675106,0.046367521367521425
49512,2023-09-02,Brighton,Newcastle,H,0.37903383532172885,0.24936436534324266,0.37160179933502835,0.05531475748194037
49515,2023-09-03,Arsenal,Man United,H,0.540711462450593,0.24901185770750991,0.21027667984189727,0.05680868838763553
49514,2023-09-03,Liverpool,Aston Villa,H,0.5769230769230769,0.2115384615384615,0.2115384615384615,0.05050505050505061
49513,2023-09-03,Crystal Palace,Wolves,H,0.49507489008152494,0.2865433454714281,0.2183817644470468,0.057537394671477005
49519,2023-09-16,Man United,Brighton,A,0.4378230465186987,0.23532988750380054,0.32684706597750074,0.0623385012919897
49518,2023-09-16,Fulham,Luton,H,0.5717651950932151,0.2546261002148451,0.17360870469193984,0.04728724369442938
49522,2023-09-16,Newcastle,Brentford,H,0.6175562417291575,0.22496691662990734,0.15747684164093514,0.05835667600373484
49517,2023-09-16,Aston Villa,Crystal Palace,H,0.49799419006778256,0.2642135841748513,0.23779222575736617,0.05133798720186156
49516,2023-09-16,Wolves,Liverpool,A,0.15778019586507072,0.18933623503808486,0.6528835690968444,0.056321839080459846
49520,2023-09-16,Tottenham,Sheffield United,H,0.7397444519166108,0.17350369872225962,0.08675184936112981,0.04792107117688493
49521,2023-09-16,West Ham,Man City,A,0.13544369486248053,0.21069019200830302,0.6538661131292164,0.054734537493158264
49523,2023-09-17,Bournemouth,Chelsea,D,0.21928755908581452,0.25320403489108717,0.5275084060230983,0.05316910443931233
49524,2023-09-17,Everton,Arsenal,A,0.15789473684210528,0.2105263157894737,0.6315789473684211,0.05555555555555536
49525,2023-09-18,Nott'm Forest,Burnley,D,0.43374642516682554,0.2726406101048618,0.2936129647283127,0.04795204795204788
49528,2023-09-23,Man City,Nott'm Forest,H,0.8263659342796034,0.11083025471514679,0.06280381100524984,0.0615067079463365
49529,2023-09-23,Brentford,Everton,A,0.5256916996047432,0.24901185770750986,0.225296442687747,0.05680868838763575
49526,2023-09-23,Crystal Palace,Fulham,D,0.4959022086400889,0.2785803583831088,0.22551743297680232,0.05577309457814539
49530,2023-09-23,Burnley,Man United,A,0.2258485639686684,0.2258485639686684,0.5483028720626633,0.054225158271401064
49527,2023-09-23,Luton,Wolves,D,0.29127725856697817,0.27842679127725856,0.43029595015576316,0.05635540929658589
49535,2023-09-24,Sheffield United,Newcastle,A,0.13633645604943193,0.20091688259916285,0.6627466613514053,0.047827903091060886
49532,2023-09-24,Brighton,Bournemouth,H,0.6942607775720708,0.1798466014281936,0.12589262099973553,0.059103641456582645
49531,2023-09-24,Arsenal,Tottenham,D,0.5645371577574968,0.21773142112125163,0.21773142112125163,0.06069615964376096
49533,2023-09-24,Chelsea,Aston Villa,A,0.49702656040180676,0.25315219476465356,0.24982124483353968,0.05338477082759252
49534,2023-09-24,Liverpool,West Ham,H,0.6756756756756757,0.1891891891891892,0.13513513513513511,0.05714285714285716
49536,2023-09-30,Aston Villa,Brighton,H,0.3731343283582089,0.25373134328358204,0.3731343283582089,0.05098039215686301
49537,2023-09-30,Bournemouth,Arsenal,A,0.17191011235955056,0.21011235955056176,0.6179775280898876,0.05763517528223416
49543,2023-09-30,Tottenham,Liverpool,H,0.3253262719878949,0.23586154719122376,0.4388121808208814,0.059943865276663955
49542,2023-09-30,Wolves,Man City,H,0.11895780672759089,0.16550651370795255,0.7155356795644564,0.050792742726381235
49539,2023-09-30,Man United,Crystal Palace,A,0.6102722850464338,0.2252195337671363,0.16450818118642999,0.05716957189607941
49540,2023-09-30,Newcastle,Burnley,H,0.7296439901304195,0.16496298907296442,0.10539302079661615,0.05425492382014108
49541,2023-09-30,West Ham,Sheffield United,H,0.6538661131292164,0.21069019200830302,0.13544369486248053,0.054734537493158264
49538,2023-09-30,Everton,Luton,A,0.6043404859191113,0.24968804286658017,0.14597147121430842,0.05394672374223175
49544,2023-10-01,Nott'm Forest,Brentford,D,0.34416118421052627,0.30530427631578944,0.3505345394736841,0.056587379168024476
49545,2023-10-02,Fulham,Chelsea,A,0.2642238998342847,0.2717731541152642,0.46400294605045117,0.051296941540843966
49546,2023-10-03,Luton,Burnley,A,0.3258041871412644,0.31494404756988886,0.35925176528884667,0.05838905642235925
49548,2023-10-07,Burnley,Chelsea,A,0.20897040592517244,0.24746495438507263,0.543564639689755,0.06341479903998914
49550,2023-10-07,Fulham,Sheffield United,H,0.5895128762022959,0.25131864722308406,0.1591684765746199,0.0471085120207928
49549,2023-10-07,Everton,Bournemouth,H,0.491838642410297,0.26094772416768536,0.2472136334220177,0.06449588193870359
49547,2023-10-07,Luton,Tottenham,A,0.15622341933654663,0.1973348454777431,0.6464417351857102,0.06684815486993356
49552,2023-10-07,Crystal Palace,Nott'm Forest,D,0.43088803088803085,0.30579150579150577,0.2633204633204633,0.054903877484522745
49551,2023-10-07,Man United,Brentford,H,0.5716905706876048,0.2273150602495952,0.20099436906279997,0.047423949094292706
49553,2023-10-08,Brighton,Liverpool,D,0.31714719271623676,0.2503793626707132,0.4324734446130501,0.05103668261562988
49554,2023-10-08,West Ham,Newcastle,D,0.2961082910321489,0.25267907501410036,0.45121263395375066,0.05535714285714288
49555,2023-10-08,Wolves,Aston Villa,D,0.27055702917771884,0.2785145888594165,0.4509283819628648,0.056022408963585235
49556,2023-10-08,Arsenal,Man City,H,0.3239263803680982,0.2846625766871166,0.3914110429447853,0.0645245559038663
49557,2023-10-21,Liverpool,Everton,H,0.7099057574385776,0.16420428824231448,0.12588995431910777,0.05912607605971454
49559,2023-10-21,Brentford,Burnley,H,0.5198277142432793,0.25367592455072036,0.2264963612060003,0.051209992193598675
49558,2023-10-21,Bournemouth,Wolves,A,0.40106951871657753,0.2807486631016043,0.3181818181818181,0.04761904761904767
49563,2023-10-21,Chelsea,Arsenal,D,0.29731830547998445,0.27982899339292655,0.42285270112708895,0.051062091503268014
49562,2023-10-21,Nott'm Forest,Luton,D,0.5717651950932151,0.2546261002148451,0.17360870469193984,0.04728724369442938
49564,2023-10-21,Sheffield United,Man United,A,0.1453287197231834,0.17993079584775085,0.6747404844290658,0.05860805860805862
49560,2023-10-21,Man City,Brighton,H,0.6747404844290658,0.17993079584775085,0.1453287197231834,0.05860805860805862
49561,2023-10-21,Newcastle,Crystal Palace,H,0.6538661131292164,0.21069019200830302,0.13544369486248053,0.054734537493158264
49565,2023-10-22,Aston Villa,West Ham,H,0.5059732958538299,0.26001405481377377,0.23401264933239635,0.06831831831831825
49566,2023-10-23,Tottenham,Fulham,H,0.631578947368421,0.21052631578947367,0.15789473684210525,0.05555555555555558
49567,2023-10-27,Crystal Palace,Tottenham,A,0.20958083832335328,0.25149700598802394,0.5389221556886227,0.060317460317460325
49569,2023-10-28,Arsenal,Sheffield United,H,0.8386342983253279,0.11148903024795534,0.04987667142671686,0.055234389983287224
49568,2023-10-28,Chelsea,Brentford,A,0.5791106514994829,0.2388831437435367,0.18200620475698032,0.046536796536796654
49570,2023-10-28,Bournemouth,Burnley,H,0.44134505158578524,0.2711119602598395,0.28754298815437523,0.05386086781435617
49571,2023-10-28,Wolves,Newcastle,D,0.2247191011235955,0.23595505617977527,0.5393258426966292,0.059523809523809534
49572,2023-10-29,West Ham,Everton,A,0.44134505158578524,0.2711119602598395,0.28754298815437523,0.05386086781435617
49576,2023-10-29,Man United,Man City,A,0.18833095916429252,0.24780389363722696,0.5638651471984806,0.061960289946422886
49573,2023-10-29,Aston Villa,Luton,H,0.7553516819571866,0.1452599388379205,0.09938837920489296,0.059109311740890735
49575,2023-10-29,Liverpool,Nott'm Forest,H,0.7453672333028902,0.16722151842795277,0.08741124826915714,0.04001593283696403
49574,2023-10-29,Brighton,Fulham,D,0.6057427559984266,0.2235479218565622,0.17070932214501117,0.06507471023600053
49577,2023-11-04,Fulham,Man United,A,0.2990936555891239,0.26586102719033233,0.4350453172205438,0.044823232323232265
49580,2023-11-04,Everton,Brighton,D,0.30579150579150577,0.2633204633204633,0.43088803088803085,0.054903877484522745
49581,2023-11-04,Man City,Bournemouth,H,0.8636363636363636,0.08636363636363636,0.05,0.05263157894736836
49578,2023-11-04,Brentford,West Ham,H,0.46400294605045106,0.2642238998342846,0.27177315411526415,0.05129694154084419
49583,2023-11-04,Newcastle,Arsenal,H,0.33876221498371334,0.29641693811074915,0.3648208469055374,0.05425824175824179
49579,2023-11-04,Burnley,Crystal Palace,A,0.34437086092715236,0.29139072847682124,0.3642384105960265,0.055944055944055826
49582,2023-11-04,Sheffield United,Wolves,H,0.25089605734767023,0.27240143369175623,0.4767025089605735,0.048872180451127845
49584,2023-11-05,Nott'm Forest,Aston Villa,H,0.22777640975129282,0.255109578921448,0.5171140113272593,0.045302445302445093
49585,2023-11-05,Luton,Liverpool,D,0.07885055185442974,0.14557024957740877,0.7755791985681615,0.05685161832702823
49586,2023-11-06,Tottenham,Chelsea,A,0.4751131221719458,0.2533936651583711,0.2714932126696833,0.052380952380952195
49590,2023-11-11,Man United,Luton,H,0.7177033492822967,0.18181818181818185,0.10047846889952154,0.04761904761904745
49588,2023-11-11,Arsenal,Burnley,H,0.8077654086342655,0.13616616888406188,0.05606842248167254,0.049138299387551765
49587,2023-11-11,Wolves,Tottenham,H,0.3090466379471811,0.2554785540363364,0.43547480801648253,0.04379276637341145
49589,2023-11-11,Crystal Palace,Everton,A,0.3872529245663574,0.2964905203711174,0.3162565550625252,0.05399659863945572
49591,2023-11-11,Bournemouth,Newcastle,H,0.2027096301720981,0.2407176858293665,0.5565726839985353,0.03856099787039868
49592,2023-11-12,Aston Villa,Fulham,H,0.6026768243366641,0.22528633671632445,0.1720368389470114,0.056856095072655544
49596,2023-11-12,Chelsea,Man City,D,0.1907841793091115,0.2578164585258263,0.5513993621650621,0.04830495235119514
49593,2023-11-12,Brighton,Sheffield United,D,0.7612985359643539,0.16549968173138127,0.0732017823042648,0.05083612040133789
49595,2023-11-12,West Ham,Nott'm Forest,H,0.5059732958538299,0.26001405481377377,0.23401264933239635,0.06831831831831825
49594,2023-11-12,Liverpool,Brentford,H,0.6687242798353908,0.18724279835390945,0.14403292181069957,0.06813186813186833
49600,2023-11-25,Newcastle,Chelsea,H,0.3706238801763534,0.2700259698427717,0.35935014998087494,0.058099285341512985
49598,2023-11-25,Burnley,West Ham,A,0.27548473795354195,0.2676137454405836,0.4569015166058745,0.06763681082188966
49599,2023-11-25,Luton,Crystal Palace,H,0.26279863481228666,0.28668941979522183,0.4505119453924914,0.05699855699855716
49603,2023-11-25,Brentford,Arsenal,A,0.20958083832335328,0.25149700598802394,0.5389221556886227,0.060317460317460325
49602,2023-11-25,Sheffield United,Bournemouth,A,0.2968388589051658,0.27139552814186585,0.4317656129529684,0.05275974025974017
49597,2023-11-25,Man City,Liverpool,D,0.5483028720626633,0.2258485639686684,0.2258485639686684,0.054225158271401064
49601,2023-11-25,Nott'm Forest,Brighton,A,0.29609793420045905,0.2631981637337414,0.4407039020657995,0.05539405684754528
49604,2023-11-26,Tottenham,Aston Villa,A,0.4120836560805577,0.249419054996127,0.3384972889233152,0.05508336057535157
49605,2023-11-26,Everton,Man United,A,0.35051546391752575,0.27835051546391754,0.3711340206185567,0.056644880174292034
49606,2023-11-27,Fulham,Wolves,H,0.39768618944323936,0.28681610026512416,0.31549771029163654,0.05653170359052706
49608,2023-12-02,Brentford,Luton,H,0.6471238938053098,0.20851769911504422,0.144358407079646,0.06572354848216921
49607,2023-12-02,Arsenal,Wolves,H,0.7510668563300142,0.17069701280227595,0.07823613086770981,0.06515151515151518
49611,2023-12-02,Newcastle,Man United,H,0.49702656040180676,0.25315219476465356,0.24982124483353968,0.05338477082759252
49610,2023-12-02,Nott'm Forest,Everton,A,0.34437086092715236,0.29139072847682124,0.3642384105960265,0.055944055944055826
49609,2023-12-02,Burnley,Sheffield United,H,0.5263157894736842,0.2631578947368421,0.21052631578947367,0.05555555555555558
49613,2023-12-03,Chelsea,Brighton,H,0.5483028720626633,0.2258485639686684,0.2258485639686684,0.054225158271401064
49616,2023-12-03,Man City,Tottenham,D,0.7361963190184049,0.15828220858895706,0.10552147239263804,0.05297157622739013
49614,2023-12-03,Liverpool,Fulham,H,0.7512038523274479,0.14446227929373998,0.1043338683788122,0.06495726495726495
49615,2023-12-03,West Ham,Crystal Palace,D,0.4767025089605735,0.27240143369175623,0.25089605734767023,0.048872180451127845
49612,2023-12-03,Bournemouth,Aston Villa,D,0.2782732786300392,0.2365322868355333,0.48519443453442734,0.05693815987933659
49617,2023-12-05,Wolves,Burnley,H,0.5116751269035532,0.2629441624365482,0.22538071065989848,0.05641355641355639
49618,2023-12-05,Luton,Arsenal,A,0.05606842248167254,0.13616616888406188,0.8077654086342655,0.049138299387551765
49619,2023-12-06,Brighton,Brentford,H,0.49702656040180676,0.24982124483353968,0.25315219476465356,0.05338477082759252
49622,2023-12-06,Sheffield United,Liverpool,A,0.07936507936507936,0.12698412698412698,0.7936507936507936,0.050000000000000044
49624,2023-12-06,Man United,Chelsea,H,0.3308443879577409,0.2802446580347923,0.38891095400746684,0.04950313458716815
49620,2023-12-06,Crystal Palace,Bournemouth,A,0.42217898832684825,0.2714007782101167,0.306420233463035,0.05273937532002049
49621,2023-12-06,Fulham,Nott'm Forest,H,0.47134935304990755,0.27726432532347506,0.2513863216266174,0.0607843137254902
49623,2023-12-06,Aston Villa,Man City,H,0.20304279823688326,0.22963173610123702,0.5673254656618798,0.03685684800235878
49625,2023-12-07,Everton,Newcastle,H,0.2903225806451613,0.2903225806451613,0.4193548387096774,0.05982905982905984
49626,2023-12-07,Tottenham,West Ham,A,0.5454545454545454,0.22727272727272724,0.22727272727272724,0.04761904761904767
49629,2023-12-09,Man United,Bournemouth,A,0.6144269091716742,0.21994496748639608,0.16562812334192958,0.050021216017931636
49631,2023-12-09,Wolves,Nott'm Forest,D,0.5151610291323099,0.2647355288596593,0.22010344200803078,0.04926520053540839
49627,2023-12-09,Crystal Palace,Liverpool,A,0.15789473684210528,0.2105263157894737,0.6315789473684211,0.05555555555555536
49632,2023-12-09,Aston Villa,Arsenal,H,0.28668941979522183,0.26279863481228666,0.4505119453924914,0.05699855699855716
49628,2023-12-09,Brighton,Burnley,D,0.638655462184874,0.20168067226890757,0.1596638655462185,0.04385964912280693
49630,2023-12-09,Sheffield United,Brentford,H,0.2219626168224299,0.24532710280373832,0.5327102803738317,0.07268170426065157
49633,2023-12-10,Everton,Chelsea,H,0.306420233463035,0.2714007782101167,0.42217898832684825,0.05273937532002049
49635,2023-12-10,Luton,Man City,A,0.05544072948328267,0.11781155015197567,0.8267477203647416,0.06101651186790513
49634,2023-12-10,Fulham,West Ham,H,0.39988968560397137,0.2719249862107005,0.3281853281853282,0.05070993914807298
49636,2023-12-10,Tottenham,Newcastle,H,0.4426075521322562,0.250422693969566,0.3069697538981777,0.050854818967899895
49637,2023-12-15,Nott'm Forest,Tottenham,A,0.2258485639686684,0.2258485639686684,0.5483028720626633,0.054225158271401064
49638,2023-12-16,Chelsea,Sheffield United,H,0.78031212484994,0.14645858343337334,0.07322929171668667,0.05044136191677184
49640,2023-12-16,Newcastle,Fulham,H,0.5198358413132695,0.24623803009575923,0.23392612859097128,0.06871345029239762
49639,2023-12-16,Man City,Crystal Palace,D,0.8075788165864264,0.11911787544649789,0.07330330796707563,0.049380704041721124
49641,2023-12-16,Burnley,Everton,A,0.26503340757238314,0.28062360801781744,0.4543429844097996,0.04808590102707733
49645,2023-12-17,Liverpool,Man United,D,0.7250755287009064,0.1570996978851964,0.1178247734138973,0.06089743589743568
49643,2023-12-17,Brentford,Aston Villa,A,0.2961082910321489,0.25267907501410036,0.45121263395375066,0.05535714285714288
49644,2023-12-17,West Ham,Wolves,H,0.44134505158578524,0.2711119602598395,0.28754298815437523,0.05386086781435617
49642,2023-12-17,Arsenal,Brighton,H,0.6544502617801047,0.18848167539267016,0.15706806282722513,0.061111111111111116
49646,2023-12-21,Crystal Palace,Brighton,D,0.28289473684210525,0.28289473684210525,0.43421052631578944,0.07117688513037357
49647,2023-12-22,Aston Villa,Sheffield United,D,0.7755791985681615,0.14557024957740877,0.07885055185442974,0.05685161832702823
49653,2023-12-23,Liverpool,Arsenal,D,0.39823008849557523,0.26327433628318586,0.33849557522123896,0.0550887021475257
49649,2023-12-23,Fulham,Burnley,A,0.5670771224886585,0.2525383452149492,0.1803845322963923,0.05594525235243797
49650,2023-12-23,Luton,Newcastle,H,0.19961114711600778,0.22575070209548498,0.5746381507885073,0.054682159945317776
49651,2023-12-23,Nott'm Forest,Bournemouth,A,0.34634974533106966,0.28013582342954163,0.3735144312393889,0.04991087344028511
49652,2023-12-23,Tottenham,Everton,H,0.5393258426966292,0.2247191011235955,0.23595505617977527,0.059523809523809534
49648,2023-12-23,West Ham,Man United,H,0.3673469387755102,0.26530612244897966,0.3673469387755102,0.04700854700854684
49654,2023-12-24,Wolves,Chelsea,H,0.2523117569352708,0.2523117569352708,0.4953764861294584,0.05689354275741709
49658,2023-12-26,Burnley,Liverpool,A,0.1453287197231834,0.17993079584775085,0.6747404844290658,0.05860805860805862
49655,2023-12-26,Newcastle,Nott'm Forest,A,0.6221653026800774,0.21553070531642404,0.16230399200349846,0.07152659236201764
49659,2023-12-26,Man United,Aston Villa,H,0.36458333333333337,0.27083333333333337,0.36458333333333337,0.05494505494505475
49657,2023-12-26,Sheffield United,Luton,A,0.41002004008016035,0.28577154308617236,0.30420841683366734,0.06039355688724557
49656,2023-12-26,Bournemouth,Fulham,H,0.4407039020657995,0.2631981637337414,0.29609793420045905,0.05539405684754528
49660,2023-12-27,Brentford,Wolves,A,0.49469964664310956,0.27561837455830385,0.22968197879858654,0.03663003663003672
49661,2023-12-27,Chelsea,Crystal Palace,H,0.5709391949757351,0.2383671139023694,0.19069369112189552,0.04880239520958085
49662,2023-12-27,Everton,Man City,A,0.1639365659466162,0.2356588135482608,0.600404620505123,0.0608557186374965
49664,2023-12-28,Arsenal,West Ham,A,0.7046463956269218,0.17039631021523746,0.12495729415784079,0.06703121439963544
49663,2023-12-28,Brighton,Tottenham,H,0.3765084473049075,0.2614641995172969,0.3620273531777956,0.062393162393162394
49669,2023-12-30,Wolves,Everton,H,0.3608748481166464,0.28760631834750905,0.3515188335358444,0.05362881028280286
49665,2023-12-30,Luton,Chelsea,A,0.1453287197231834,0.22491349480968856,0.629757785467128,0.05860805860805862
49667,2023-12-30,Crystal Palace,Brentford,H,0.43220338983050843,0.288135593220339,0.2796610169491525,0.051693404634581164
49666,2023-12-30,Aston Villa,Burnley,H,0.6942607775720708,0.1798466014281936,0.12589262099973553,0.059103641456582645
49668,2023-12-30,Man City,Sheffield United,H,0.8807288790723358,0.08647156267255661,0.03279955825510768,0.05131777545570637
49670,2023-12-30,Nott'm Forest,Man United,H,0.29609793420045905,0.2631981637337414,0.4407039020657995,0.05539405684754528
49671,2023-12-31,Fulham,Arsenal,H,0.18005808325266215,0.21006776379477252,0.6098741529525653,0.0578597030209933
49672,2023-12-31,Tottenham,Bournemouth,H,0.5393258426966292,0.2247191011235955,0.23595505617977527,0.059523809523809534
49673,2024-01-01,Liverpool,Newcastle,H,0.6538661131292164,0.21069019200830302,0.13544369486248053,0.054734537493158264
49674,2024-01-02,West Ham,Brighton,D,0.3930443068127679,0.2567889471176751,0.35016674606955694,0.03846629560915282
49675,2024-01-12,Burnley,Luton,D,0.47368421052631576,0.2631578947368421,0.2631578947368421,0.05555555555555558
49677,2024-01-13,Newcastle,Man City,A,0.17186279656351228,0.2183014736949925,0.6098357297414951,0.05792635435785254
49676,2024-01-13,Chelsea,Fulham,H,0.5932203389830508,0.22598870056497172,0.18079096045197737,0.0535714285714286
49679,2024-01-14,Man United,Tottenham,D,0.4310344827586207,0.25287356321839083,0.3160919540229885,0.05454545454545445
49678,2024-01-14,Everton,Aston Villa,D,0.33980582524271846,0.27184466019417475,0.3883495145631068,0.05102040816326525
49681,2024-01-20,Brentford,Nott'm Forest,H,0.49799419006778256,0.2642135841748513,0.23779222575736617,0.05133798720186156
49680,2024-01-20,Arsenal,Crystal Palace,H,0.7296439901304195,0.16496298907296442,0.10539302079661615,0.05425492382014108
49682,2024-01-21,Sheffield United,West Ham,D,0.2796610169491525,0.288135593220339,0.43220338983050843,0.051693404634581164
49683,2024-01-21,Bournemouth,Liverpool,A,0.22707034728406053,0.21193232413178983,0.5609973285841496,0.048552754435107426
49684,2024-01-22,Brighton,Wolves,D,0.5844322369042638,0.22270512491732916,0.19286263817840707,0.037007488277696066
49689,2024-01-30,Aston Villa,Newcastle,A,0.5129935875801552,0.2372595342558218,0.24974687816402294,0.053698435277382606
49687,2024-01-30,Luton,Brighton,H,0.2272727272727273,0.2272727272727273,0.5454545454545455,0.04761904761904745
49688,2024-01-30,Crystal Palace,Sheffield United,H,0.5885015844273427,0.26482571299230423,0.14667270258035311,0.04890788224121545
49685,2024-01-30,Nott'm Forest,Arsenal,A,0.12727272727272726,0.19090909090909092,0.6818181818181818,0.04761904761904767
49686,2024-01-30,Fulham,Everton,D,0.3872529245663574,0.2964905203711174,0.3162565550625252,0.05399659863945572
49690,2024-01-31,Man City,Burnley,H,0.8760951188986232,0.0788485607008761,0.04505632040050063,0.05687830687830675
49692,2024-01-31,Liverpool,Chelsea,H,0.6018171661844011,0.2182108431661685,0.17997199064943042,0.05836574785251614
49691,2024-01-31,Tottenham,Brentford,H,0.5716905706876048,0.2273150602495952,0.20099436906279997,0.047423949094292706
49693,2024-02-01,West Ham,Bournemouth,D,0.39797395079594794,0.2547033285094067,0.3473227206946455,0.046969696969696884
49694,2024-02-01,Wolves,Man United,A,0.36206590546056916,0.26450925871147135,0.3734248358279596,0.05016277740500508
49699,2024-02-03,Sheffield United,Aston Villa,A,0.1821247892074199,0.22765598650927488,0.5902192242833053,0.04585537918871241
49695,2024-02-03,Everton,Tottenham,D,0.3157894736842105,0.2631578947368421,0.42105263157894735,0.05555555555555558
49697,2024-02-03,Burnley,Fulham,D,0.3255813953488372,0.27770177838577287,0.39671682626538984,0.05911330049261099
49696,2024-02-03,Brighton,Crystal Palace,H,0.5608856088560886,0.23837638376383766,0.2007380073800738,0.04876160990712064
49698,2024-02-03,Newcastle,Luton,D,0.6558682952734998,0.19883165161975572,0.14530005310674457,0.058816914080071836
49700,2024-02-04,Bournemouth,Nott'm Forest,D,0.5609973285841497,0.2270703472840606,0.21193232413178986,0.048552754435107204
49702,2024-02-04,Man United,West Ham,H,0.5848930481283423,0.22560160427807488,0.18950534759358292,0.0553791887125219
49703,2024-02-04,Arsenal,Liverpool,H,0.4308880308880309,0.2633204633204634,0.3057915057915058,0.05490387748452252
49701,2024-02-04,Chelsea,Wolves,A,0.5883926183471516,0.23829901043059643,0.17330837122225196,0.049102132435465684
49704,2024-02-05,Brentford,Man City,A,0.13380281690140844,0.19718309859154928,0.6690140845070423,0.06766917293233088
49705,2024-02-10,Man City,Everton,H,0.8075788165864264,0.11911787544649789,0.07330330796707563,0.049380704041721124
49707,2024-02-10,Liverpool,Burnley,H,0.8229954614220878,0.12036308623298032,0.05664145234493192,0.03852438411261949
49710,2024-02-10,Wolves,Brentford,A,0.45434298440979953,0.2650334075723831,0.2806236080178174,0.04808590102707755
49711,2024-02-10,Nott'm Forest,Newcastle,A,0.28655297735532564,0.2521666200726866,0.4612804025719877,0.05750184774575029
49708,2024-02-10,Luton,Sheffield United,A,0.5449330783938815,0.25430210325047803,0.20076481835564056,0.04862155388471168
49706,2024-02-10,Fulham,Bournemouth,H,0.3952569169960474,0.26877470355731226,0.3359683794466403,0.06302521008403361
49709,2024-02-10,Tottenham,Brighton,H,0.5256916996047432,0.225296442687747,0.24901185770750986,0.05680868838763575
49712,2024-02-11,West Ham,Arsenal,A,0.15854770503220061,0.21969658895916944,0.6217557060086298,0.05120832012558685
49713,2024-02-11,Aston Villa,Man United,A,0.44113461720899344,0.25291718053315626,0.3059482022578503,0.05436359089772447
49714,2024-02-12,Crystal Palace,Chelsea,A,0.2285435630689207,0.2526007802340703,0.5188556566970092,0.04179367337262052
49720,2024-02-17,Tottenham,Wolves,A,0.619757688723206,0.1996272134203169,0.18061509785647717,0.0545972775074941
49716,2024-02-17,Burnley,Arsenal,A,0.09531917627782954,0.1657724804831818,0.7389083432389886,0.04910684192787329
49717,2024-02-17,Fulham,Aston Villa,A,0.32346598706136054,0.2501470299941188,0.42638698294452065,0.06603970741901777
49719,2024-02-17,Nott'm Forest,West Ham,H,0.39988968560397137,0.2719249862107005,0.3281853281853282,0.05070993914807298
49721,2024-02-17,Man City,Chelsea,D,0.7101928819304333,0.17173755144863206,0.11806956662093454,0.05869788106630214
49718,2024-02-17,Newcastle,Bournemouth,D,0.5198277142432793,0.2264963612060003,0.25367592455072036,0.051209992193598675
49715,2024-02-17,Brentford,Liverpool,A,0.17320838460970087,0.2200106501970796,0.6067809651932196,0.04970773919450755
49723,2024-02-18,Luton,Man United,A,0.23684210526315788,0.23684210526315788,0.5263157894736842,0.05555555555555558
49722,2024-02-18,Sheffield United,Brighton,A,0.18950534759358292,0.22560160427807488,0.5848930481283423,0.0553791887125219
49724,2024-02-19,Everton,Crystal Palace,D,0.556783031374282,0.2629253203711887,0.18029164825452937,0.056489262371615334
49725,2024-02-20,Man City,Brentford,H,0.8075788165864264,0.11911787544649789,0.07330330796707563,0.049380704041721124
49726,2024-02-21,Liverpool,Luton,H,0.7913043478260869,0.13565217391304346,0.07304347826086957,0.05311355311355315
49732,2024-02-24,Arsenal,Newcastle,H,0.6997667444185273,0.18127290903032325,0.11896034655114963,0.05077030812324912
49728,2024-02-24,Brighton,Everton,D,0.5215686274509804,0.2511764705882353,0.22725490196078432,0.0477012202637741
49730,2024-02-24,Man United,Fulham,A,0.6067809651932196,0.2200106501970796,0.17320838460970087,0.04970773919450755
49731,2024-02-24,Bournemouth,Man City,A,0.13636363636363635,0.1818181818181818,0.6818181818181818,0.04761904761904767
49729,2024-02-24,Crystal Palace,Burnley,H,0.48908296943231444,0.2724890829694323,0.23842794759825325,0.048534798534798584
49727,2024-02-24,Aston Villa,Nott'm Forest,H,0.6226312939902545,0.21169463995668653,0.16567406605305904,0.04973003694231304
49733,2024-02-25,Wolves,Sheffield United,H,0.6627466613514053,0.20091688259916285,0.13633645604943193,0.047827903091060886
49734,2024-02-26,West Ham,Brentford,H,0.38118811881188125,0.2722772277227723,0.34653465346534656,0.049350649350649256
49737,2024-03-02,Fulham,Brighton,H,0.3734248358279596,0.26450925871147135,0.36206590546056916,0.05016277740500508
49738,2024-03-02,Newcastle,Wolves,H,0.49799419006778256,0.23779222575736617,0.2642135841748513,0.05133798720186156
49741,2024-03-02,Luton,Aston Villa,A,0.22056345980469233,0.22739042403674234,0.5520461161585652,0.04707680239325307
49736,2024-03-02,Everton,West Ham,A,0.46400294605045106,0.2642238998342846,0.27177315411526415,0.05129694154084419
49740,2024-03-02,Tottenham,Crystal Palace,H,0.6340391980175715,0.2196440639783735,0.14631673800405498,0.05145970272991063
49735,2024-03-02,Brentford,Chelsea,D,0.3059482022578503,0.25291718053315626,0.44113461720899344,0.05436359089772447
49739,2024-03-02,Nott'm Forest,Liverpool,A,0.15854770503220061,0.21969658895916944,0.6217557060086298,0.05120832012558685
49743,2024-03-03,Man City,Man United,H,0.7512991833704529,0.1633259094283593,0.08537490720118782,0.06482213438735185
49742,2024-03-03,Burnley,Bournemouth,A,0.2522231204527081,0.26273241713823764,0.48504446240905413,0.057264957264957506
49744,2024-03-04,Sheffield United,Arsenal,A,0.05606842248167254,0.13616616888406188,0.8077654086342655,0.049138299387551765
49748,2024-03-09,Wolves,Fulham,H,0.37815975733063706,0.27805864509605666,0.3437815975733064,0.05775401069518704
49747,2024-03-09,Crystal Palace,Luton,D,0.5327102803738317,0.24532710280373832,0.2219626168224299,0.07268170426065157
49746,2024-03-09,Bournemouth,Sheffield United,D,0.7044320516583504,0.17845611975344877,0.11711182858820077,0.06735588972431072
49745,2024-03-09,Man United,Everton,H,0.5086901229334463,0.2585841458245019,0.2327257312420517,0.07422586520947183
49749,2024-03-09,Arsenal,Brentford,H,0.7780921584478578,0.13561034761519808,0.08629749393694423,0.05343836491377463
49751,2024-03-10,Brighton,Nott'm Forest,H,0.5263157894736842,0.23684210526315788,0.23684210526315788,0.05555555555555558
49753,2024-03-10,Liverpool,Man City,D,0.3160919540229885,0.25287356321839083,0.4310344827586207,0.05454545454545445
49750,2024-03-10,Aston Villa,Tottenham,A,0.3983453347632909,0.2370154741841581,0.3646391910525509,0.0547834518422754
49752,2024-03-10,West Ham,Burnley,D,0.5652658981033842,0.23599851245816286,0.19873558943845293,0.05932871099905457
49754,2024-03-11,Chelsea,Newcastle,H,0.49799419006778256,0.23779222575736617,0.2642135841748513,0.05133798720186156
49755,2024-03-13,Bournemouth,Luton,H,0.6342525399129173,0.20029027576197386,0.16545718432510886,0.05110602593440117
49757,2024-03-16,Luton,Nott'm Forest,D,0.33980582524271846,0.27184466019417475,0.3883495145631068,0.05102040816326525
49756,2024-03-16,Burnley,Brentford,H,0.29287673824614513,0.2644026109166588,0.4427206508371961,0.05058636453985299
49758,2024-03-16,Fulham,Tottenham,H,0.2691120392228073,0.24786635191574355,0.483021608861449,0.06169269327164084
49759,2024-03-17,West Ham,Aston Villa,D,0.3603859807401887,0.25275070115911896,0.38686331810069224,0.055058068854918485
49761,2024-03-30,Bournemouth,Everton,H,0.4350453172205438,0.26586102719033233,0.2990936555891239,0.044823232323232265
49766,2024-03-30,Aston Villa,Wolves,H,0.5918858330143802,0.2187107004210181,0.1894034665646017,0.0559468822170901
49763,2024-03-30,Nott'm Forest,Crystal Palace,D,0.43220338983050843,0.288135593220339,0.2796610169491525,0.051693404634581164
49764,2024-03-30,Sheffield United,Fulham,D,0.21158844213423023,0.238036997401009,0.5503745604647607,0.05025690430314711
49760,2024-03-30,Newcastle,West Ham,H,0.5215686274509804,0.22725490196078432,0.2511764705882353,0.0477012202637741
49767,2024-03-30,Brentford,Man United,D,0.31714719271623676,0.2503793626707132,0.4324734446130501,0.05103668261562988
49765,2024-03-30,Tottenham,Luton,H,0.7942238267148014,0.1191335740072202,0.08664259927797834,0.04924242424242431
49762,2024-03-30,Chelsea,Burnley,D,0.7403078121955972,0.1591661796220534,0.10052600818234952,0.04712362301101569
49769,2024-03-31,Man City,Arsenal,D,0.49868766404199477,0.25065616797900264,0.25065616797900264,0.04987599889776795
49768,2024-03-31,Liverpool,Brighton,H,0.6999830307144069,0.17308671304938064,0.12693025623621246,0.050445632798573836
49771,2024-04-02,Nott'm Forest,Fulham,H,0.35451770209729216,0.28152876343020267,0.36395353447250534,0.04471615431132303
49770,2024-04-02,Newcastle,Everton,D,0.4751131221719458,0.2533936651583711,0.2714932126696833,0.052380952380952195
49772,2024-04-02,Bournemouth,Crystal Palace,H,0.4866595517609391,0.2497331910352187,0.263607257203842,0.05375618533513293
49774,2024-04-02,West Ham,Tottenham,D,0.287519747235387,0.22590837282780407,0.48657187993680884,0.05394605394605412
49773,2024-04-02,Burnley,Wolves,D,0.3888834331729352,0.26465678090935874,0.346459785917706,0.049577406720263895
49775,2024-04-03,Arsenal,Luton,H,0.8562415502478594,0.09418657052726455,0.049571879224876075,0.0617224880382774
49776,2024-04-03,Brentford,Brighton,D,0.40132109528015675,0.251353738622835,0.34732516609700836,0.04696232560009639
49777,2024-04-03,Man City,Aston Villa,H,0.7250755287009064,0.1570996978851964,0.1178247734138973,0.06089743589743568
49779,2024-04-04,Chelsea,Man United,H,0.4788732394366197,0.23943661971830985,0.28169014084507044,0.044117647058823595
49778,2024-04-04,Liverpool,Sheffield United,H,0.87509115532868,0.07948744660902177,0.045421398062298154,0.04838357361293144
49780,2024-04-06,Crystal Palace,Man City,A,0.10047846889952154,0.18181818181818185,0.7177033492822967,0.04761904761904745
49783,2024-04-06,Fulham,Newcastle,A,0.40382571732199785,0.2529224229543039,0.3432518597236982,0.04046881910659006
49786,2024-04-06,Brighton,Arsenal,A,0.19079766949728813,0.2203206345234274,0.5888816959792843,0.04823083283437413
49781,2024-04-06,Aston Villa,Brentford,D,0.5608856088560886,0.23837638376383766,0.2007380073800738,0.04876160990712064
49782,2024-04-06,Everton,Burnley,H,0.5791106514994829,0.2388831437435367,0.18200620475698032,0.046536796536796654
49785,2024-04-06,Wolves,West Ham,A,0.38162544169611307,0.26501766784452296,0.3533568904593639,0.04814814814814827
49784,2024-04-06,Luton,Bournemouth,H,0.25315219476465356,0.24982124483353968,0.49702656040180676,0.05338477082759252
49787,2024-04-07,Man United,Liverpool,D,0.1990324809951624,0.21008984105044923,0.5908776779543885,0.05774853801169577
49789,2024-04-07,Tottenham,Nott'm Forest,H,0.6803044719314939,0.17316841103710753,0.1465271170313987,0.04995004995004981
49788,2024-04-07,Sheffield United,Chelsea,D,0.13636363636363635,0.1818181818181818,0.6818181818181818,0.04761904761904767
49795,2024-04-13,Bournemouth,Man United,D,0.393939393939394,0.24242424242424246,0.3636363636363636,0.05769230769230771
49793,2024-04-13,Man City,Luton,H,0.8636363636363636,0.08636363636363636,0.05,0.05263157894736836
49792,2024-04-13,Burnley,Brighton,D,0.27149321266968324,0.25339366515837103,0.4751131221719457,0.05238095238095242
49791,2024-04-13,Brentford,Sheffield United,H,0.6624541377904607,0.1907867916836527,0.14675907052588671,0.04829059829059812
49790,2024-04-13,Newcastle,Tottenham,H,0.3510110644792064,0.23693246852346433,0.4120564669973293,0.05515297906602257
49794,2024-04-13,Nott'm Forest,Wolves,D,0.4509283819628648,0.2785145888594165,0.27055702917771884,0.056022408963585235
49796,2024-04-14,Liverpool,Crystal Palace,A,0.7837283075200598,0.13659264788206757,0.07967904459787274,0.04586260733801706
49798,2024-04-14,Arsenal,Aston Villa,A,0.7389083432389886,0.1657724804831818,0.09531917627782954,0.04910684192787329
49797,2024-04-14,West Ham,Fulham,A,0.39823008849557523,0.26327433628318586,0.33849557522123896,0.0550887021475257
49799,2024-04-15,Chelsea,Everton,H,0.5609973285841497,0.2270703472840606,0.21193232413178986,0.048552754435107204
49802,2024-04-20,Wolves,Arsenal,A,0.11160318866253321,0.21080602302922938,0.6775907883082374,0.05415499533146595
49800,2024-04-20,Luton,Brentford,A,0.3059482022578503,0.25291718053315626,0.44113461720899344,0.05436359089772447
49801,2024-04-20,Sheffield United,Burnley,A,0.346459785917706,0.26465678090935874,0.3888834331729352,0.049577406720263895
49804,2024-04-21,Aston Villa,Bournemouth,H,0.5059732958538299,0.23401264933239635,0.26001405481377377,0.06831831831831825
49806,2024-04-21,Fulham,Liverpool,A,0.18146792525524946,0.2117125794644577,0.6068194952802928,0.049641087857648314
49805,2024-04-21,Crystal Palace,West Ham,H,0.45434298440979953,0.2650334075723831,0.2806236080178174,0.04808590102707755
49803,2024-04-21,Everton,Nott'm Forest,H,0.46400294605045106,0.27177315411526415,0.2642238998342846,0.05129694154084419
49807,2024-04-23,Arsenal,Chelsea,H,0.6544502617801047,0.18848167539267016,0.15706806282722513,0.061111111111111116
49809,2024-04-24,Crystal Palace,Newcastle,H,0.3436754176610978,0.26252983293556087,0.39379474940334125,0.05808080808080818
49808,2024-04-24,Wolves,Bournemouth,A,0.3533568904593639,0.26501766784452296,0.38162544169611307,0.04814814814814827
49811,2024-04-24,Man United,Sheffield United,H,0.7281553398058251,0.14563106796116507,0.1262135922330097,0.05641025641025643
49810,2024-04-24,Everton,Liverpool,H,0.13513513513513511,0.1891891891891892,0.6756756756756757,0.05714285714285716
49812,2024-04-25,Brighton,Man City,A,0.1440329218106996,0.18724279835390947,0.668724279835391,0.06813186813186811
49815,2024-04-27,Man United,Burnley,D,0.6295180722891567,0.19879518072289157,0.17168674698795183,0.05901116427432207
49814,2024-04-27,Fulham,Crystal Palace,D,0.4545454545454546,0.27272727272727276,0.27272727272727276,0.04761904761904745
49813,2024-04-27,West Ham,Liverpool,D,0.17341040462427748,0.19075144508670525,0.6358381502890174,0.04848484848484835
49817,2024-04-27,Wolves,Luton,H,0.4866595517609391,0.2497331910352187,0.263607257203842,0.05375618533513293
49816,2024-04-27,Newcastle,Sheffield United,H,0.7780921584478578,0.13561034761519808,0.08629749393694423,0.05343836491377463
49819,2024-04-27,Aston Villa,Chelsea,D,0.43812451960030746,0.24788624135280551,0.31398923904688697,0.061607507139942896
49818,2024-04-27,Everton,Brentford,H,0.41257367387033406,0.27111984282907664,0.3163064833005894,0.053830227743271175
49822,2024-04-28,Nott'm Forest,Man City,A,0.1178247734138973,0.1570996978851964,0.7250755287009064,0.06089743589743568
49820,2024-04-28,Bournemouth,Brighton,H,0.42230312320367885,0.2500479018969151,0.3276489748994061,0.05242992538818303
49821,2024-04-28,Tottenham,Arsenal,A,0.2272727272727273,0.2272727272727273,0.5454545454545455,0.04761904761904745
49823,2024-05-02,Chelsea,Tottenham,H,0.43812451960030746,0.24788624135280551,0.31398923904688697,0.061607507139942896
49824,2024-05-03,Luton,Everton,D,0.3647199046483909,0.2634088200238379,0.3718712753277712,0.05455002513826046
49826,2024-05-04,Brentford,Fulham,D,0.4527177959791511,0.2501861504095309,0.29709605361131797,0.05184837092731831
49827,2024-05-04,Burnley,Newcastle,A,0.2782732786300392,0.2365322868355333,0.48519443453442734,0.05693815987933659
49828,2024-05-04,Sheffield United,Nott'm Forest,A,0.19961114711600778,0.22575070209548498,0.5746381507885073,0.054682159945317776
49825,2024-05-04,Arsenal,Bournemouth,H,0.7851908251641764,0.12772437422670602,0.08708480060911775,0.04391455538996514
49829,2024-05-04,Man City,Wolves,H,0.8760951188986232,0.0788485607008761,0.04505632040050063,0.05687830687830675
49832,2024-05-05,Liverpool,Tottenham,H,0.6406685236768802,0.1671309192200557,0.1922005571030641,0.04057971014492745
49830,2024-05-05,Brighton,Aston Villa,H,0.35016674606955694,0.2567889471176751,0.3930443068127679,0.03846629560915282
49831,2024-05-05,Chelsea,West Ham,H,0.5769230769230769,0.2115384615384615,0.2115384615384615,0.05050505050505061
49833,2024-05-06,Crystal Palace,Man United,H,0.40246847330292457,0.2554333243895895,0.3420982023074859,0.04397759103641463
49835,2024-05-11,Bournemouth,Brentford,A,0.48908296943231444,0.23842794759825325,0.2724890829694323,0.048534798534798584
49837,2024-05-11,Newcastle,Brighton,D,0.6020278833967048,0.19898605830164767,0.19898605830164767,0.05799530673818287
49841,2024-05-11,Nott'm Forest,Chelsea,A,0.2781844802342606,0.24890190336749632,0.47291361639824303,0.05727554179566563
49836,2024-05-11,Everton,Sheffield United,H,0.6764374295377678,0.19729425028184894,0.1262683201803833,0.055952380952380976
49838,2024-05-11,Tottenham,Burnley,H,0.698906060079875,0.16530647681889218,0.13578746310123285,0.05206430398246242
49839,2024-05-11,West Ham,Luton,H,0.5256916996047432,0.225296442687747,0.24901185770750986,0.05680868838763575
49834,2024-05-11,Fulham,Man City,A,0.07304347826086957,0.13565217391304346,0.7913043478260869,0.05311355311355315
49840,2024-05-11,Wolves,Crystal Palace,A,0.32971295577967413,0.27130666075584614,0.39898038346447967,0.053104575163398726
49842,2024-05-12,Man United,Arsenal,A,0.13477477477477479,0.17153153153153156,0.6936936936936937,0.059969442322383326
49843,2024-05-13,Aston Villa,Liverpool,D,0.22519656132407379,0.21843546363997918,0.556367975035947,0.05727741442997525
49844,2024-05-14,Tottenham,Man City,A,0.14571428571428574,0.1578571428571429,0.6964285714285715,0.05580693815987914
49846,2024-05-15,Man United,Newcastle,H,0.3468426013195099,0.23845428840716304,0.41470311027332707,0.048418972332015864
49845,2024-05-15,Brighton,Chelsea,A,0.2843083652268999,0.23455440131219243,0.4811372334609076,0.06585081585081598
49851,2024-05-19,Chelsea,Bournemouth,H,0.6528835690968444,0.18933623503808486,0.15778019586507072,0.056321839080459846
49853,2024-05-19,Liverpool,Wolves,H,0.8168266285480907,0.11946089442515825,0.06371247702675106,0.046367521367521425
49855,2024-05-19,Man City,West Ham,H,0.8760951188986232,0.0788485607008761,0.04505632040050063,0.05687830687830675
49849,2024-05-19,Brighton,Man United,A,0.4388121808208814,0.23586154719122376,0.3253262719878949,0.059943865276663955
49852,2024-05-19,Crystal Palace,Aston Villa,H,0.5151610291323099,0.22010344200803078,0.2647355288596593,0.04926520053540839
49854,2024-05-19,Luton,Fulham,A,0.32660829843928435,0.2428625808907499,0.43052912066996574,0.05578329716260755
49850,2024-05-19,Burnley,Nott'm Forest,A,0.3163064833005893,0.2711198428290766,0.41257367387033395,0.0538302277432714
49856,2024-05-19,Sheffield United,Tottenham,A,0.1345926800472255,0.15702479338842976,0.7083825265643447,0.06140350877192979
49847,2024-05-19,Arsenal,Everton,H,0.802675585284281,0.11839464882943143,0.07892976588628761,0.05579096045197751
49848,2024-05-19,Brentford,Newcastle,A,0.32660829843928435,0.2428625808907499,0.43052912066996574,0.05578329716260755
49857,2024-08-16,Man United,Fulham,H,0.5932203389830508,0.22598870056497172,0.18079096045197737,0.0535714285714286
49862,2024-08-17,Nott'm Forest,Bournemouth,D,0.3883495145631068,0.27184466019417475,0.33980582524271846,0.05102040816326525
49861,2024-08-17,Newcastle,Southampton,H,0.6997667444185273,0.18127290903032325,0.11896034655114963,0.05077030812324912
49860,2024-08-17,Everton,Brighton,A,0.35752979414951247,0.28494041170097506,0.35752979414951247,0.0634865767945616
49859,2024-08-17,Arsenal,Wolves,H,0.8012162051113485,0.12605801627085214,0.07272577861779932,0.05771403737505443
49863,2024-08-17,West Ham,Aston Villa,A,0.3888834331729352,0.26465678090935874,0.346459785917706,0.049577406720263895
49858,2024-08-17,Ipswich,Liverpool,A,0.11190148386109836,0.17293865687624294,0.7151598592626587,0.051344939889831576
49865,2024-08-18,Chelsea,Man City,A,0.23099703849950645,0.24284304047384012,0.5261599210266535,0.055868250990202206
49864,2024-08-18,Brentford,Crystal Palace,H,0.39471577261809454,0.27862289831865494,0.3266613290632506,0.05561189993238669
49866,2024-08-19,Leicester,Tottenham,D,0.19079766949728813,0.2203206345234274,0.5888816959792843,0.04823083283437413
49869,2024-08-24,Fulham,Leicester,H,0.5239520958083832,0.25149700598802394,0.2245508982035928,0.060317460317460325
49870,2024-08-24,Man City,Ipswich,H,0.8760951188986232,0.0788485607008761,0.04505632040050063,0.05687830687830675
49867,2024-08-24,Brighton,Man United,H,0.3807716387541087,0.2572781342933166,0.3619502269525748,0.050498407152399505
49868,2024-08-24,Crystal Palace,West Ham,A,0.4407039020657995,0.2631981637337414,0.29609793420045905,0.05539405684754528
49871,2024-08-24,Southampton,Nott'm Forest,A,0.37265577737447064,0.2879612825166364,0.33938294010889286,0.05233002291825839
49873,2024-08-24,Aston Villa,Arsenal,A,0.2167429884458061,0.24697293157114222,0.5362840799830516,0.06553334838250358
49872,2024-08-24,Tottenham,Everton,H,0.6558682952734998,0.19883165161975572,0.14530005310674457,0.058816914080071836
49875,2024-08-25,Wolves,Chelsea,A,0.21945293518300807,0.23755780233560622,0.5429892624813857,0.05237545364566154
49876,2024-08-25,Liverpool,Brentford,H,0.7483214528675796,0.1652814339377089,0.08639711319471147,0.052223709190501344
49874,2024-08-25,Bournemouth,Newcastle,D,0.32453416149068326,0.24767080745341613,0.4277950310559006,0.0625309354891932
49883,2024-08-31,West Ham,Man City,A,0.1361434977578475,0.17327354260089683,0.6905829596412556,0.04931300583474507
49879,2024-08-31,Everton,Bournemouth,A,0.34634974533106966,0.28013582342954163,0.3735144312393889,0.04991087344028511
49878,2024-08-31,Brentford,Southampton,H,0.539701816903434,0.2421738922002589,0.21812429089630705,0.05878571005591793
49877,2024-08-31,Arsenal,Brighton,D,0.7151598592626587,0.17293865687624294,0.11190148386109836,0.051344939889831576
49881,2024-08-31,Leicester,Aston Villa,A,0.20955315870570107,0.2357473035439137,0.5546995377503853,0.06045751633986929
49882,2024-08-31,Nott'm Forest,Wolves,D,0.4805194805194806,0.25974025974025977,0.25974025974025977,0.04054054054054035
49880,2024-08-31,Ipswich,Fulham,D,0.3163064833005893,0.2711198428290766,0.41257367387033395,0.0538302277432714
49885,2024-09-01,Newcastle,Tottenham,H,0.38095238095238093,0.23809523809523808,0.38095238095238093,0.050000000000000044
49884,2024-09-01,Chelsea,Crystal Palace,D,0.5918858330143802,0.2187107004210181,0.1894034665646017,0.0559468822170901
49886,2024-09-01,Man United,Liverpool,A,0.25766871165644173,0.2269938650306749,0.5153374233128835,0.04890604890604866
49889,2024-09-14,Crystal Palace,Leicester,D,0.5883926183471516,0.23829901043059643,0.17330837122225196,0.049102132435465684
49887,2024-09-14,Southampton,Man United,A,0.20955315870570107,0.2357473035439137,0.5546995377503853,0.06045751633986929
49894,2024-09-14,Bournemouth,Chelsea,A,0.2781844802342606,0.24890190336749632,0.47291361639824303,0.05727554179566563
49892,2024-09-14,Man City,Brentford,H,0.802675585284281,0.11839464882943143,0.07892976588628761,0.05579096045197751
49890,2024-09-14,Fulham,West Ham,D,0.39593908629441626,0.2899492385786802,0.3141116751269035,0.06119370825253179
49893,2024-09-14,Aston Villa,Everton,H,0.6297577854671281,0.2249134948096886,0.14532871972318342,0.0586080586080584
49891,2024-09-14,Liverpool,Nott'm Forest,A,0.7755791985681615,0.14557024957740877,0.07885055185442974,0.05685161832702823
49888,2024-09-14,Brighton,Ipswich,D,0.6849315068493151,0.18904109589041096,0.12602739726027395,0.05797101449275366
49896,2024-09-15,Wolves,Newcastle,A,0.2785145888594165,0.27055702917771884,0.4509283819628648,0.056022408963585235
49895,2024-09-15,Tottenham,Arsenal,A,0.3163064833005893,0.2711198428290766,0.41257367387033395,0.0538302277432714
49897,2024-09-21,West Ham,Chelsea,A,0.26530612244897955,0.24489795918367344,0.48979591836734687,0.047008547008547286
49904,2024-09-21,Crystal Palace,Man United,D,0.3311067603362892,0.2542899919382701,0.4146032477254405,0.04867149758454126
49901,2024-09-21,Liverpool,Bournemouth,H,0.7394019060138022,0.15379559645087088,0.10680249753532699,0.04034188034188024
49899,2024-09-21,Fulham,Newcastle,H,0.31924882629107976,0.28169014084507044,0.39906103286384975,0.044117647058823595
49900,2024-09-21,Leicester,Everton,D,0.38891095400746684,0.2802446580347923,0.3308443879577409,0.04950313458716815
49903,2024-09-21,Tottenham,Brentford,H,0.6149068322981366,0.21180124223602484,0.17329192546583852,0.049201694362984716
49902,2024-09-21,Southampton,Ipswich,D,0.42626070409134154,0.27402473834443386,0.29971455756422455,0.04265873015873023
49898,2024-09-21,Aston Villa,Wolves,H,0.5977796754910334,0.22345573583831485,0.17876458867065187,0.06551410373066413
49905,2024-09-22,Brighton,Nott'm Forest,D,0.5449330783938815,0.25430210325047803,0.20076481835564056,0.04862155388471168
49906,2024-09-22,Man City,Arsenal,D,0.5263157894736842,0.2631578947368421,0.21052631578947367,0.05555555555555558
49907,2024-09-28,Newcastle,Man City,D,0.18202598494502173,0.22070125195412565,0.5972727631008525,0.04642307269328061
49912,2024-09-28,Nott'm Forest,Fulham,A,0.39768618944323936,0.28681610026512416,0.31549771029163654,0.05653170359052706
49909,2024-09-28,Brentford,West Ham,D,0.4317656129529684,0.27139552814186585,0.2968388589051658,0.05275974025974017
49910,2024-09-28,Chelsea,Brighton,H,0.5483028720626633,0.2258485639686684,0.2258485639686684,0.054225158271401064
49911,2024-09-28,Everton,Crystal Palace,H,0.3515188335358444,0.28760631834750905,0.3608748481166464,0.05362881028280286
49913,2024-09-28,Wolves,Liverpool,A,0.11895780672759089,0.16550651370795255,0.7155356795644564,0.050792742726381235
49908,2024-09-28,Arsenal,Leicester,H,0.8168266285480907,0.11946089442515825,0.06371247702675106,0.046367521367521425
49914,2024-09-29,Ipswich,Aston Villa,D,0.23647209203238181,0.2522368981678739,0.5112910097997444,0.057207207207206956
49915,2024-09-29,Man United,Tottenham,A,0.40302882266731804,0.2525647288715193,0.3444064484611627,0.055834945196647334
49916,2024-09-30,Bournemouth,Southampton,H,0.5772208925805997,0.23229621286780233,0.19048289455159792,0.04996304508499638
49918,2024-10-05,Arsenal,Southampton,H,0.8377135348226018,0.10611038107752954,0.05617608409986859,0.04712762297901629
49921,2024-10-05,Man City,Fulham,H,0.763271162123386,0.13629842180774748,0.10043041606886656,0.048120300751879785
49922,2024-10-05,West Ham,Ipswich,H,0.5292717447246527,0.2507076685537828,0.22002058672156458,0.04966033250948776
49917,2024-10-05,Crystal Palace,Liverpool,A,0.15789473684210528,0.2105263157894737,0.6315789473684211,0.05555555555555536
49920,2024-10-05,Leicester,Bournemouth,H,0.3059482022578503,0.25291718053315626,0.44113461720899344,0.05436359089772447
49919,2024-10-05,Brentford,Wolves,H,0.4603234298608499,0.26212861978187285,0.27754795035727714,0.05970030288538197
49923,2024-10-05,Everton,Newcastle,D,0.2990936555891239,0.26586102719033233,0.4350453172205438,0.044823232323232265
49926,2024-10-06,Brighton,Tottenham,H,0.3286034353995519,0.23823749066467512,0.4331590739357729,0.04937304075235116
49925,2024-10-06,Chelsea,Nott'm Forest,D,0.6424335602899187,0.21128925982868438,0.14627717988139688,0.05174405174405172
49924,2024-10-06,Aston Villa,Man United,D,0.4310344827586207,0.25287356321839083,0.3160919540229885,0.05454545454545445
49929,2024-10-19,Ipswich,Everton,A,0.39768618944323936,0.28681610026512416,0.31549771029163654,0.05653170359052706
49928,2024-10-19,Fulham,Aston Villa,A,0.3883495145631068,0.27184466019417475,0.33980582524271846,0.05102040816326525
49927,2024-10-19,Tottenham,West Ham,H,0.6306306306306306,0.1891891891891892,0.18018018018018017,0.05714285714285716
49931,2024-10-19,Newcastle,Brighton,A,0.48339684267827976,0.2547632008709852,0.2618399564507349,0.06086856086856107
49932,2024-10-19,Southampton,Leicester,A,0.41257367387033406,0.27111984282907664,0.3163064833005894,0.053830227743271175
49933,2024-10-19,Bournemouth,Arsenal,H,0.1882404563405002,0.2413339183852567,0.5704256252742431,0.06247086247086253
49930,2024-10-19,Man United,Brentford,H,0.5609973285841497,0.2270703472840606,0.21193232413178986,0.048552754435107204
49935,2024-10-20,Liverpool,Chelsea,H,0.5816922989614663,0.22983939617501845,0.18846830486351512,0.06118638964167422
49934,2024-10-20,Wolves,Man City,A,0.11978384869408586,0.15971179825878112,0.7205043530471329,0.043546365914787
49936,2024-10-21,Nott'm Forest,Crystal Palace,H,0.41257367387033406,0.27111984282907664,0.3163064833005894,0.053830227743271175
49937,2024-10-25,Leicester,Nott'm Forest,A,0.31654676258992803,0.2877697841726619,0.3956834532374101,0.05303030303030298
49939,2024-10-26,Brentford,Ipswich,H,0.5785594734103152,0.22046723582610164,0.20097329076358317,0.04753380406716978
49940,2024-10-26,Brighton,Wolves,D,0.5813953488372093,0.20930232558139536,0.20930232558139536,0.061728395061728225
49941,2024-10-26,Man City,Southampton,H,0.8501275191278691,0.09436415462319349,0.05550832624893734,0.05972443031266561
49942,2024-10-26,Everton,Fulham,D,0.34580762617578636,0.2926064529179731,0.36158592090624053,0.051556808210800664
49938,2024-10-26,Aston Villa,Bournemouth,D,0.509891622226045,0.2418716669533804,0.24823671082057458,0.06010869168763899
49944,2024-10-27,Crystal Palace,Tottenham,H,0.24353727916957785,0.23744884719033837,0.5190138736400838,0.05285834384195032
49945,2024-10-27,West Ham,Man United,H,0.3311067603362892,0.2542899919382701,0.4146032477254405,0.04867149758454126
49946,2024-10-27,Arsenal,Liverpool,D,0.3800403225806452,0.2923387096774194,0.3276209677419355,0.052519893899204195
49943,2024-10-27,Chelsea,Newcastle,H,0.5520461161585652,0.22056345980469233,0.22739042403674234,0.04707680239325307
49952,2024-11-02,Southampton,Everton,H,0.3605514316012725,0.2788971367974549,0.3605514316012725,0.05457392082308221
49948,2024-11-02,Bournemouth,Man City,H,0.1720368389470114,0.22528633671632445,0.6026768243366641,0.056856095072655544
49951,2024-11-02,Nott'm Forest,West Ham,H,0.44510940714419295,0.27342435010286137,0.2814662427529456,0.044948211842876784
49953,2024-11-02,Wolves,Crystal Palace,D,0.3841205083947906,0.2824415502902872,0.3334379413149224,0.041339869281045605
49947,2024-11-02,Newcastle,Arsenal,H,0.2549019607843137,0.2549019607843137,0.4901960784313726,0.04615384615384621
49950,2024-11-02,Liverpool,Brighton,H,0.6818181818181818,0.19090909090909092,0.12727272727272726,0.04761904761904767
49949,2024-11-02,Ipswich,Leicester,D,0.42217898832684825,0.2714007782101167,0.306420233463035,0.05273937532002049
49955,2024-11-03,Man United,Chelsea,D,0.36458333333333337,0.27083333333333337,0.36458333333333337,0.05494505494505475
49954,2024-11-03,Tottenham,Aston Villa,H,0.49799419006778256,0.23779222575736617,0.2642135841748513,0.05133798720186156
49956,2024-11-04,Fulham,Brentford,H,0.47349177330895803,0.25594149908592323,0.27056672760511885,0.05598455598455576
49957,2024-11-09,Brentford,Bournemouth,H,0.3787575150300601,0.2705410821643286,0.3507014028056112,0.05608465608465618
49958,2024-11-09,Crystal Palace,Fulham,A,0.3533254156769596,0.2725653206650831,0.37410926365795727,0.04824151882975425
49961,2024-11-09,Brighton,Man City,H,0.23008961651730578,0.22461129231451277,0.5452990911681813,0.06003235920055339
49962,2024-11-09,Liverpool,Aston Villa,H,0.6716197598897855,0.1816571541035229,0.1467230860066916,0.04854769643502044
49960,2024-11-09,Wolves,Southampton,H,0.4953764861294584,0.2523117569352708,0.2523117569352708,0.05689354275741709
49959,2024-11-09,West Ham,Everton,D,0.44155844155844154,0.2792207792207792,0.2792207792207792,0.05335157318741457
49965,2024-11-10,Tottenham,Ipswich,A,0.7512038523274479,0.14446227929373998,0.1043338683788122,0.06495726495726495
49966,2024-11-10,Chelsea,Arsenal,D,0.35051546391752575,0.27835051546391754,0.3711340206185567,0.056644880174292034
49964,2024-11-10,Nott'm Forest,Newcastle,A,0.3548387096774194,0.2903225806451613,0.3548387096774194,0.04377104377104368
49963,2024-11-10,Man United,Leicester,H,0.6834257312177403,0.1714777289237239,0.14509653985853563,0.060302016823756244
49968,2024-11-23,Arsenal,Nott'm Forest,H,0.692588092345079,0.20121506682867554,0.10619684082624542,0.04627510806000523
49971,2024-11-23,Everton,Brentford,D,0.38891095400746684,0.2802446580347923,0.3308443879577409,0.04950313458716815
49969,2024-11-23,Aston Villa,Crystal Palace,D,0.5883926183471516,0.23829901043059643,0.17330837122225196,0.049102132435465684
49970,2024-11-23,Bournemouth,Brighton,A,0.39622641509433965,0.2641509433962264,0.33962264150943394,0.051587301587301626
49967,2024-11-23,Leicester,Chelsea,A,0.14530005310674457,0.19883165161975572,0.6558682952734998,0.058816914080071836
49972,2024-11-23,Fulham,Wolves,A,0.5835764902042518,0.236348478532722,0.18007503126302626,0.05776014109347427
49973,2024-11-23,Man City,Tottenham,A,0.6417473541995046,0.19995496509795088,0.15829768070254446,0.05286865813181607
49974,2024-11-24,Southampton,Liverpool,A,0.08639711319471147,0.1652814339377089,0.7483214528675796,0.052223709190501344
49975,2024-11-24,Ipswich,Man United,D,0.18007503126302626,0.236348478532722,0.5835764902042518,0.05776014109347427
49976,2024-11-25,Newcastle,West Ham,A,0.631578947368421,0.21052631578947367,0.15789473684210525,0.05555555555555558
49977,2024-11-29,Brighton,Southampton,D,0.6849315068493151,0.18904109589041096,0.12602739726027395,0.05797101449275366
49978,2024-11-30,Brentford,Leicester,H,0.5746381507885073,0.22575070209548498,0.19961114711600778,0.054682159945317776
49979,2024-11-30,Crystal Palace,Newcastle,D,0.32611264277274515,0.26270185112248917,0.4111855061047657,0.05738797268032658
49982,2024-11-30,West Ham,Arsenal,A,0.13544369486248053,0.21069019200830302,0.6538661131292164,0.054734537493158264
49980,2024-11-30,Nott'm Forest,Ipswich,H,0.5539358600583091,0.24781341107871718,0.19825072886297374,0.0619195046439629
49981,2024-11-30,Wolves,Bournemouth,A,0.33962264150943394,0.2641509433962264,0.39622641509433965,0.051587301587301626
49985,2024-12-01,Tottenham,Fulham,D,0.5579074690051407,0.21076504384638645,0.23132748714847295,0.05435995536425953
49984,2024-12-01,Man United,Everton,H,0.6175562417291575,0.22496691662990734,0.15747684164093514,0.05835667600373484
49986,2024-12-01,Liverpool,Man City,H,0.45051194539249145,0.2627986348122867,0.2866894197952219,0.05699855699855694
49983,2024-12-01,Chelsea,Aston Villa,H,0.5579074690051407,0.23132748714847295,0.21076504384638645,0.05435995536425953
49987,2024-12-03,Ipswich,Crystal Palace,A,0.3165610142630745,0.2793185419968304,0.4041204437400951,0.05298289528577382
49988,2024-12-03,Leicester,West Ham,H,0.3255813953488372,0.27770177838577287,0.39671682626538984,0.05911330049261099
49991,2024-12-04,Newcastle,Liverpool,D,0.2247191011235955,0.23595505617977527,0.5393258426966292,0.059523809523809534
49992,2024-12-04,Southampton,Chelsea,A,0.1109874826147427,0.17969401947148816,0.7093184979137691,0.06000294854784016
49993,2024-12-04,Arsenal,Man United,H,0.6554307116104868,0.2097378277153558,0.1348314606741573,0.059523809523809534
49990,2024-12-04,Man City,Nott'm Forest,H,0.6956875508543532,0.19918633034987795,0.10512611879576893,0.05693154454764349
49994,2024-12-04,Aston Villa,Brentford,H,0.5275084060230983,0.25320403489108717,0.21928755908581452,0.05316910443931233
49989,2024-12-04,Everton,Wolves,H,0.4509283819628648,0.2785145888594165,0.27055702917771884,0.056022408963585235
49995,2024-12-05,Fulham,Brighton,H,0.40506329113924044,0.2644163150492264,0.330520393811533,0.05053191489361719
49996,2024-12-05,Bournemouth,Tottenham,H,0.3603859807401887,0.25275070115911896,0.38686331810069224,0.055058068854918485
49998,2024-12-07,Brentford,Newcastle,H,0.3311067603362892,0.2542899919382701,0.4146032477254405,0.04867149758454126
49999,2024-12-07,Crystal Palace,Man City,D,0.1720368389470114,0.22528633671632445,0.6026768243366641,0.056856095072655544
50000,2024-12-07,Man United,Nott'm Forest,A,0.5755850727387729,0.24351676154332702,0.18089816571790004,0.05294705294705304
49997,2024-12-07,Aston Villa,Southampton,H,0.6936936936936937,0.17153153153153156,0.13477477477477479,0.059969442322383326
50001,2024-12-08,Fulham,Arsenal,D,0.1894034665646017,0.2187107004210181,0.5918858330143802,0.0559468822170901
50002,2024-12-08,Ipswich,Bournemouth,A,0.27149321266968324,0.25339366515837103,0.4751131221719457,0.05238095238095242
50004,2024-12-08,Tottenham,Chelsea,A,0.2799712849964106,0.24407753050969133,0.47595118449389806,0.05052790346907998
50003,2024-12-08,Leicester,Brighton,D,0.20897040592517244,0.24746495438507263,0.543564639689755,0.06341479903998914
50005,2024-12-09,West Ham,Wolves,H,0.5015432098765432,0.24434156378600827,0.25411522633744854,0.04939271255060729
50006,2024-12-14,Arsenal,Everton,D,0.7755791985681615,0.14557024957740877,0.07885055185442974,0.05685161832702823
50007,2024-12-14,Liverpool,Fulham,D,0.7101928819304333,0.17173755144863206,0.11806956662093454,0.05869788106630214
50010,2024-12-14,Nott'm Forest,Aston Villa,H,0.3608748481166464,0.28760631834750905,0.3515188335358444,0.05362881028280286
50009,2024-12-14,Wolves,Ipswich,A,0.5,0.25,0.25,0.05263157894736836
50008,2024-12-14,Newcastle,Leicester,H,0.730136005726557,0.15819613457408735,0.11166785969935578,0.05354449472096512
50014,2024-12-15,Southampton,Tottenham,A,0.21953720447195677,0.21124357674746064,0.5692192187805826,0.05197149964889314
50011,2024-12-15,Brighton,Crystal Palace,A,0.509891622226045,0.24823671082057458,0.2418716669533804,0.06010869168763899
50013,2024-12-15,Chelsea,Brentford,H,0.7147962830593281,0.1584465094114844,0.1267572075291875,0.0518796992481203
50012,2024-12-15,Man City,Man United,A,0.6013630896699185,0.2098089001737271,0.18882801015635442,0.059164897381457804
50015,2024-12-16,Bournemouth,West Ham,D,0.5608856088560886,0.23837638376383766,0.2007380073800738,0.04876160990712064
50016,2024-12-21,Aston Villa,Man City,H,0.29188580015026305,0.25638617580766343,0.4517280240420737,0.05415305415305394
50019,2024-12-21,West Ham,Brighton,D,0.33289942187679467,0.25912171216355906,0.4079788659596463,0.043024407386109464
50020,2024-12-21,Crystal Palace,Arsenal,A,0.15336592261028328,0.22822309912244534,0.6184109782672713,0.043256528417818796
50018,2024-12-21,Ipswich,Newcastle,A,0.1995079572537864,0.25271007918812943,0.5477819635580841,0.05522766453706529
50017,2024-12-21,Brentford,Nott'm Forest,A,0.4111855061047657,0.26270185112248917,0.32611264277274515,0.05738797268032658
50025,2024-12-22,Tottenham,Liverpool,A,0.21158844213423023,0.238036997401009,0.5503745604647607,0.05025690430314711
50023,2024-12-22,Leicester,Wolves,A,0.3711340206185567,0.27835051546391754,0.35051546391752575,0.056644880174292034
50022,2024-12-22,Fulham,Southampton,D,0.6658656253129068,0.1990587764093321,0.13507559827776108,0.057608810759292695
50021,2024-12-22,Everton,Chelsea,D,0.18950534759358292,0.22560160427807488,0.5848930481283423,0.0553791887125219
50024,2024-12-22,Man United,Bournemouth,A,0.5256916996047432,0.24901185770750986,0.225296442687747,0.05680868838763575
50027,2024-12-26,Bournemouth,Crystal Palace,D,0.5,0.25,0.25,0.05263157894736836
50029,2024-12-26,Newcastle,Aston Villa,H,0.49702656040180676,0.24982124483353968,0.25315219476465356,0.05338477082759252
50030,2024-12-26,Nott'm Forest,Tottenham,H,0.4146032477254405,0.2542899919382701,0.3311067603362892,0.04867149758454126
50026,2024-12-26,Man City,Everton,D,0.7046463956269218,0.17039631021523746,0.12495729415784079,0.06703121439963544
50031,2024-12-26,Southampton,West Ham,A,0.2936129647283127,0.2726406101048618,0.43374642516682554,0.04795204795204788
50032,2024-12-26,Wolves,Man United,H,0.24414426863815383,0.257341256132108,0.49851447522973813,0.05024073610461044
50028,2024-12-26,Chelsea,Fulham,A,0.6417473541995046,0.19995496509795088,0.15829768070254446,0.05286865813181607
50033,2024-12-26,Liverpool,Leicester,H,0.8795411089866157,0.07915869980879542,0.041300191204588915,0.05273752012882427
50035,2024-12-27,Arsenal,Ipswich,H,0.8314855875831485,0.10532150776053213,0.06319290465631928,0.054970760233918226
50034,2024-12-27,Brighton,Brentford,D,0.5830269494941478,0.21813017509942711,0.19884287540642515,0.05875714862384762
50041,2024-12-29,West Ham,Liverpool,A,0.13513513513513511,0.1891891891891892,0.6756756756756757,0.05714285714285716
50036,2024-12-29,Leicester,Man City,A,0.12693025623621246,0.17308671304938064,0.6999830307144069,0.050445632798573836
50040,2024-12-29,Tottenham,Wolves,D,0.5879059350503919,0.18812989921612544,0.22396416573348263,0.0630952380952381
50039,2024-12-29,Fulham,Bournemouth,D,0.41025641025641024,0.2621082621082621,0.3276353276353276,0.05978260869565233
50038,2024-12-29,Everton,Nott'm Forest,A,0.3648208469055374,0.29641693811074915,0.33876221498371334,0.05425824175824179
50037,2024-12-29,Crystal Palace,Southampton,H,0.5924105170128148,0.23848320813079982,0.16910627485638532,0.07517111338767402
50042,2024-12-30,Aston Villa,Brighton,D,0.49315068493150677,0.24657534246575338,0.2602739726027397,0.06725146198830423
50043,2024-12-30,Ipswich,Chelsea,H,0.1439701173959445,0.19701173959445034,0.6590181430096052,0.06859782174830364
50044,2024-12-30,Man United,Newcastle,A,0.34914425427872864,0.2743276283618582,0.3765281173594133,0.04150751209574732
50045,2025-01-01,Brentford,Arsenal,A,0.14530005310674457,0.19883165161975572,0.6558682952734998,0.058816914080071836
50048,2025-01-04,Bournemouth,Everton,H,0.5477819635580841,0.25271007918812943,0.1995079572537864,0.05522766453706529
50047,2025-01-04,Aston Villa,Leicester,H,0.7151598592626587,0.17293865687624294,0.11190148386109836,0.051344939889831576
50046,2025-01-04,Tottenham,Newcastle,A,0.32917532917532916,0.24948024948024947,0.4213444213444213,0.054824561403508776
50052,2025-01-04,Brighton,Arsenal,D,0.21928755908581452,0.25320403489108717,0.5275084060230983,0.05316910443931233
50049,2025-01-04,Crystal Palace,Chelsea,D,0.24982124483353968,0.25315219476465356,0.49702656040180676,0.05338477082759252
50051,2025-01-04,Southampton,Brentford,A,0.31924882629107976,0.28169014084507044,0.39906103286384975,0.044117647058823595
50050,2025-01-04,Man City,West Ham,H,0.7239382239382238,0.15057915057915058,0.12548262548262548,0.06256410256410261
50054,2025-01-05,Liverpool,Man United,D,0.7311812232661865,0.1509158044821409,0.11790297225167258,0.06019379844961237
50053,2025-01-05,Fulham,Ipswich,D,0.6102722850464338,0.2252195337671363,0.16450818118642999,0.05716957189607941
50055,2025-01-06,Wolves,Nott'm Forest,A,0.28851430811446493,0.29753038024304196,0.4139553116424932,0.05031291172595509
50058,2025-01-14,West Ham,Fulham,H,0.3181818181818181,0.2807486631016043,0.40106951871657753,0.04761904761904767
50056,2025-01-14,Brentford,Man City,D,0.1975093616650701,0.22337368283549597,0.579116955499434,0.06590550450199562
50057,2025-01-14,Chelsea,Bournemouth,D,0.6417473541995046,0.19995496509795088,0.15829768070254446,0.05286865813181607
50059,2025-01-14,Nott'm Forest,Liverpool,D,0.18111910994764396,0.2319208115183246,0.5869600785340313,0.05166258011786473
50061,2025-01-15,Leicester,Crystal Palace,A,0.24241142252776307,0.2626123744050766,0.4949762030671601,0.057748243612118166
50060,2025-01-15,Everton,Aston Villa,A,0.2916584109371904,0.29621557360808404,0.41212601545472566,0.054974916387959816
50062,2025-01-15,Newcastle,Wolves,H,0.7055805003207184,0.1744708146247595,0.11994868505452214,0.04211229946524053
50063,2025-01-15,Arsenal,Tottenham,H,0.6818181818181818,0.1818181818181818,0.13636363636363635,0.04761904761904767
50064,2025-01-16,Ipswich,Brighton,A,0.24414426863815383,0.257341256132108,0.49851447522973813,0.05024073610461044
50065,2025-01-16,Man United,Southampton,H,0.7403078121955972,0.1591661796220534,0.10052600818234952,0.04712362301101569
50067,2025-01-18,Brentford,Liverpool,A,0.1454024165472046,0.18902314151136598,0.6655744419414295,0.05807150595882993
50066,2025-01-18,Newcastle,Bournemouth,A,0.5848930481283423,0.22560160427807488,0.18950534759358292,0.0553791887125219
50070,2025-01-18,Arsenal,Aston Villa,D,0.6328555678059536,0.23153252480705624,0.13561190738699008,0.05342624854819977
50069,2025-01-18,West Ham,Crystal Palace,A,0.3661058743984409,0.2719643638388418,0.3619297617627173,0.05055780721179959
50068,2025-01-18,Leicester,Fulham,A,0.21853978671041838,0.2557506152584085,0.5257095980311731,0.0567727080429159
50074,2025-01-19,Ipswich,Man City,A,0.12589262099973555,0.17984660142819361,0.6942607775720709,0.05910364145658242
50073,2025-01-19,Nott'm Forest,Southampton,H,0.6835147045597626,0.19857900890367836,0.11790628653655903,0.06016399694889407
50072,2025-01-19,Man United,Brighton,A,0.45051194539249145,0.2627986348122867,0.2866894197952219,0.05699855699855694
50071,2025-01-19,Everton,Tottenham,H,0.33980582524271846,0.27184466019417475,0.3883495145631068,0.05102040816326525
50075,2025-01-20,Chelsea,Wolves,H,0.6916813176644768,0.16359766817803278,0.14472101415749056,0.06305331497147337
50078,2025-01-25,Liverpool,Ipswich,H,0.8605851979345955,0.07745266781411361,0.061962134251290886,0.07592592592592573
50076,2025-01-25,Bournemouth,Nott'm Forest,H,0.4636078864934587,0.2568638290031325,0.2795282845034089,0.052192795377874246
50079,2025-01-25,Southampton,Newcastle,A,0.1467230860066916,0.1816571541035229,0.6716197598897855,0.04854769643502044
50081,2025-01-25,Man City,Chelsea,H,0.468666785016865,0.24019172732114327,0.2911414876619919,0.04083518107908346
50080,2025-01-25,Wolves,Arsenal,A,0.13544369486248053,0.21069019200830302,0.6538661131292164,0.054734537493158264
50077,2025-01-25,Brighton,Everton,A,0.5717651950932151,0.2546261002148451,0.17360870469193984,0.04728724369442938
50082,2025-01-26,Crystal Palace,Brentford,A,0.4612804025719877,0.2521666200726866,0.28655297735532564,0.05750184774575029
50083,2025-01-26,Tottenham,Leicester,A,0.6547619047619047,0.1726190476190476,0.1726190476190476,0.05329153605015691
50084,2025-01-26,Aston Villa,West Ham,D,0.6174990513369328,0.21819250543776147,0.1643084432253056,0.05845469693718108
50085,2025-01-26,Fulham,Man United,A,0.41349548842683415,0.2797175362887407,0.3067869752844253,0.05148090091576596
50086,2025-02-01,Nott'm Forest,Brighton,H,0.3952569169960474,0.26877470355731226,0.3359683794466403,0.06302521008403361
50087,2025-02-01,Bournemouth,Liverpool,A,0.21124357674746064,0.21953720447195677,0.5692192187805826,0.05197149964889314
50091,2025-02-01,Wolves,Aston Villa,H,0.28668941979522183,0.26279863481228666,0.4505119453924914,0.05699855699855716
50088,2025-02-01,Everton,Leicester,H,0.5389221556886228,0.251497005988024,0.20958083832335334,0.0603174603174601
50089,2025-02-01,Ipswich,Southampton,A,0.4866595517609392,0.26360725720384204,0.24973319103521877,0.05375618533513271
50090,2025-02-01,Newcastle,Fulham,A,0.5608856088560886,0.23837638376383766,0.2007380073800738,0.04876160990712064
50094,2025-02-02,Arsenal,Man City,H,0.48908296943231444,0.2724890829694323,0.23842794759825325,0.048534798534798584
50092,2025-02-02,Brentford,Tottenham,A,0.45564074479737127,0.2453450164293538,0.2990142387732749,0.04510073260073266
50093,2025-02-02,Man United,Crystal Palace,A,0.4767025089605735,0.27240143369175623,0.25089605734767023,0.048872180451127845
50095,2025-02-03,Chelsea,West Ham,H,0.6866642573183954,0.19660281893747744,0.11673292374412723,0.07082043343653233
50096,2025-02-12,Everton,Liverpool,D,0.126984126984127,0.21164021164021166,0.6613756613756615,0.04999999999999982
50097,2025-02-14,Brighton,Chelsea,H,0.3506261180679785,0.2629695885509839,0.38640429338103754,0.0563114134542706
50103,2025-02-15,West Ham,Brentford,A,0.40506329113924044,0.2644163150492264,0.330520393811533,0.05053191489361719
50100,2025-02-15,Fulham,Nott'm Forest,H,0.43220338983050843,0.2796610169491525,0.288135593220339,0.051693404634581164
50102,2025-02-15,Southampton,Bournemouth,A,0.15789473684210528,0.2105263157894737,0.6315789473684211,0.05555555555555536
50101,2025-02-15,Man City,Newcastle,H,0.48657187993680895,0.2259083728278041,0.2875197472353871,0.053946053946053896
50099,2025-02-15,Aston Villa,Ipswich,D,0.6690140845070423,0.19718309859154928,0.13380281690140844,0.06766917293233088
50098,2025-02-15,Leicester,Arsenal,A,0.10999917293854934,0.1869985939955339,0.7030022330659168,0.06952675807164965
50104,2025-02-15,Crystal Palace,Everton,A,0.5292652552926526,0.28019925280199254,0.19053549190535493,0.04967320261437913
50105,2025-02-16,Liverpool,Wolves,H,0.8067226890756303,0.11596638655462185,0.07731092436974789,0.0778985507246377
50106,2025-02-16,Tottenham,Man United,H,0.38633191121247273,0.2524035153254822,0.3612645734620451,0.056509321285766134
50107,2025-02-19,Aston Villa,Liverpool,D,0.24353727916957785,0.23744884719033837,0.5190138736400838,0.05285834384195032
50108,2025-02-21,Leicester,Brentford,A,0.2609477241676853,0.24721363342201763,0.4918386424102969,0.06449588193870381
50114,2025-02-22,Southampton,Brighton,A,0.15786858775307416,0.23102720158986464,0.6111042106570612,0.055730396013637495
50109,2025-02-22,Everton,Man United,D,0.3783122706889523,0.29555646147574394,0.32613126783530366,0.05732758620689671
50111,2025-02-22,Bournemouth,Wolves,A,0.6179775280898876,0.21011235955056176,0.17191011235955056,0.05763517528223416
50112,2025-02-22,Fulham,Crystal Palace,A,0.4636078864934587,0.2795282845034089,0.2568638290031325,0.052192795377874246
50113,2025-02-22,Ipswich,Tottenham,A,0.2327322218441647,0.2650561415447431,0.5022116366110921,0.04799600627585221
50115,2025-02-22,Aston Villa,Chelsea,H,0.3590576766856215,0.27774167343623074,0.3632006498781478,0.05896116855633737
50110,2025-02-22,Arsenal,West Ham,A,0.7470119521912351,0.15811752988047809,0.09487051792828687,0.05406824146981615
50117,2025-02-23,Man City,Liverpool,A,0.32917532917532916,0.24948024948024947,0.4213444213444213,0.054824561403508776
50116,2025-02-23,Newcastle,Nott'm Forest,H,0.5256916996047432,0.24901185770750986,0.225296442687747,0.05680868838763575
50118,2025-02-25,Brighton,Bournemouth,H,0.4689603590127151,0.2468212415856395,0.2842183994016455,0.06618819776714502
50121,2025-02-25,Chelsea,Southampton,H,0.8088978766430739,0.11830131445904954,0.07280080889787664,0.056623931623931645
50119,2025-02-25,Crystal Palace,Aston Villa,H,0.38526912181303113,0.2776203966005666,0.3371104815864023,0.05942376950780304
50120,2025-02-25,Wolves,Fulham,A,0.35752979414951247,0.28494041170097506,0.35752979414951247,0.0634865767945616
50124,2025-02-26,Nott'm Forest,Arsenal,D,0.24489795918367344,0.26530612244897955,0.48979591836734687,0.047008547008547286
50122,2025-02-26,Brentford,Everton,D,0.47349177330895803,0.25594149908592323,0.27056672760511885,0.05598455598455576
50125,2025-02-26,Tottenham,Man City,A,0.2909090909090909,0.23636363636363636,0.4727272727272727,0.05769230769230771
50126,2025-02-26,Liverpool,Newcastle,H,0.6272727272727273,0.2090909090909091,0.16363636363636366,0.0628019323671496
50123,2025-02-26,Man United,Ipswich,H,0.6217557060086298,0.21969658895916944,0.15854770503220061,0.05120832012558685
50127,2025-02-27,West Ham,Leicester,H,0.5848930481283423,0.22560160427807488,0.18950534759358292,0.0553791887125219
50132,2025-03-08,Brentford,Aston Villa,A,0.4277950310559006,0.24767080745341613,0.32453416149068326,0.0625309354891932
50129,2025-03-08,Brighton,Fulham,H,0.4850444624090542,0.2627324171382377,0.25222312045270817,0.057264957264957284
50131,2025-03-08,Liverpool,Southampton,H,0.8473736372646186,0.10356788899900893,0.04905847373637265,0.07283359914938847
50128,2025-03-08,Nott'm Forest,Man City,H,0.23647209203238181,0.2522368981678739,0.5112910097997444,0.057207207207206956
50130,2025-03-08,Crystal Palace,Ipswich,H,0.6505067104902768,0.1985757326759792,0.1509175568337442,0.06018148820326674
50133,2025-03-08,Wolves,Everton,D,0.3647654845563001,0.3059323418859291,0.3293021735577709,0.05441825199889694
50134,2025-03-09,Chelsea,Leicester,H,0.802675585284281,0.11839464882943143,0.07892976588628761,0.05579096045197751
50135,2025-03-09,Tottenham,Bournemouth,D,0.3519585253456221,0.24366359447004612,0.4043778801843318,0.05231254167424382
50136,2025-03-09,Man United,Arsenal,D,0.16596931659693168,0.27266387726638774,0.5613668061366807,0.04786262331019353
50137,2025-03-10,West Ham,Newcastle,A,0.29127725856697817,0.27842679127725856,0.43029595015576316,0.05635540929658589
50139,2025-03-15,Ipswich,Nott'm Forest,A,0.25339366515837103,0.27149321266968324,0.4751131221719457,0.05238095238095242
50142,2025-03-15,Bournemouth,Brentford,A,0.5483028720626633,0.2258485639686684,0.2258485639686684,0.054225158271401064
50138,2025-03-15,Everton,West Ham,D,0.46162382097281307,0.29572776031070835,0.2426484187164787,0.056715134459036864
50141,2025-03-15,Southampton,Wolves,A,0.25392083644510827,0.2763256161314414,0.4697535474234503,0.06438791732909377
50140,2025-03-15,Man City,Brighton,D,0.5692192187805826,0.21953720447195677,0.21124357674746064,0.05197149964889314
50145,2025-03-16,Leicester,Man United,A,0.21076011846001974,0.27097729516288255,0.5182625863770978,0.05438459536820184
50143,2025-03-16,Arsenal,Chelsea,H,0.5263157894736842,0.2631578947368421,0.21052631578947367,0.05555555555555558
50144,2025-03-16,Fulham,Tottenham,H,0.47872340425531923,0.25531914893617025,0.2659574468085107,0.04444444444444429
50147,2025-04-01,Wolves,West Ham,H,0.3783122706889523,0.29555646147574394,0.32613126783530366,0.05732758620689671
50148,2025-04-01,Nott'm Forest,Man United,H,0.41349548842683415,0.2797175362887407,0.3067869752844253,0.05148090091576596
50146,2025-04-01,Arsenal,Fulham,H,0.643819671016857,0.2200584556824361,0.1361218733007069,0.049479700749908595
50153,2025-04-02,Southampton,Crystal Palace,D,0.16494734867768818,0.24959138286755447,0.5854612684547574,0.054354888832386816
50152,2025-04-02,Newcastle,Brentford,H,0.5503745604647607,0.21158844213423023,0.238036997401009,0.05025690430314711
50149,2025-04-02,Bournemouth,Ipswich,A,0.6942607775720708,0.1798466014281936,0.12589262099973553,0.059103641456582645
50150,2025-04-02,Brighton,Aston Villa,A,0.4607779125081615,0.24857755806361342,0.29064452942822494,0.058655080477930444
50151,2025-04-02,Man City,Leicester,H,0.7874015748031497,0.11811023622047244,0.09448818897637795,0.05833333333333335
50154,2025-04-02,Liverpool,Everton,H,0.6934812760055478,0.18862690707350901,0.11789181692094314,0.06029411764705883
50155,2025-04-03,Chelsea,Tottenham,H,0.5769230769230769,0.2115384615384615,0.2115384615384615,0.05050505050505061
50157,2025-04-05,Crystal Palace,Brighton,H,0.40127388535031844,0.26194267515923564,0.3367834394904458,0.06045254981425208
50160,2025-04-05,Aston Villa,Nott'm Forest,H,0.48339684267827987,0.26183995645073493,0.25476320087098525,0.06086856086856085
50156,2025-04-05,Everton,Arsenal,D,0.1780821917808219,0.28767123287671237,0.5342465753424658,0.06959706959706957
50159,2025-04-05,West Ham,Bournemouth,D,0.3163064833005893,0.2711198428290766,0.41257367387033395,0.0538302277432714
50158,2025-04-05,Ipswich,Wolves,A,0.34997031547485,0.2907445697791062,0.3592851147460438,0.05829081494480737
50164,2025-04-06,Man United,Man City,D,0.28062360801781744,0.26503340757238314,0.4543429844097996,0.04808590102707733
50161,2025-04-06,Brentford,Chelsea,D,0.29609793420045905,0.2631981637337414,0.4407039020657995,0.05539405684754528
50162,2025-04-06,Fulham,Liverpool,H,0.21076011846001974,0.27097729516288255,0.5182625863770978,0.05438459536820184
50163,2025-04-06,Tottenham,Southampton,H,0.6834257312177403,0.1714777289237239,0.14509653985853563,0.060302016823756244
50165,2025-04-07,Leicester,Newcastle,A,0.14410237388724037,0.22301557863501484,0.6328820474777448,0.06761706761706754
50170,2025-04-12,Arsenal,Brentford,D,0.5918858330143802,0.2187107004210181,0.1894034665646017,0.0559468822170901
50166,2025-04-12,Man City,Crystal Palace,H,0.6342525399129173,0.20029027576197386,0.16545718432510886,0.05110602593440117
50167,2025-04-12,Brighton,Leicester,D,0.744047619047619,0.15997023809523808,0.09598214285714286,0.041860465116279055
50168,2025-04-12,Nott'm Forest,Everton,A,0.4537346711259755,0.28874024526198444,0.25752508361204013,0.04949104949104943
50169,2025-04-12,Southampton,Aston Villa,A,0.15874177029992684,0.22677395757132407,0.6144842721287491,0.049923195084485394
50173,2025-04-13,Wolves,Tottenham,H,0.4308880308880309,0.2633204633204634,0.3057915057915058,0.05490387748452252
50171,2025-04-13,Chelsea,Ipswich,D,0.751404937803877,0.13632632443013198,0.11226873776599104,0.04790577648382177
50174,2025-04-13,Newcastle,Man United,H,0.5746381507885073,0.22575070209548498,0.19961114711600778,0.054682159945317776
50172,2025-04-13,Liverpool,West Ham,H,0.7250755287009064,0.1570996978851964,0.1178247734138973,0.06089743589743568
50175,2025-04-14,Bournemouth,Fulham,H,0.44134505158578524,0.2711119602598395,0.28754298815437523,0.05386086781435617
50176,2025-04-16,Newcastle,Crystal Palace,H,0.5674708261793209,0.24299391787678612,0.18953525594389314,0.05521265161983724
50177,2025-04-19,Brentford,Brighton,H,0.39176547697074426,0.2507299052612763,0.35750461776797954,0.06356147021546255
50180,2025-04-19,West Ham,Southampton,D,0.6371481479804588,0.21777811986399054,0.14507373215555064,0.060468711738919545
50179,2025-04-19,Everton,Man City,A,0.2522099548839085,0.25921578696401715,0.48857425815207417,0.07160825747213195
50178,2025-04-19,Crystal Palace,Bournemouth,D,0.3828316115075915,0.26053818005377755,0.3566302084386309,0.06616917996602956
50181,2025-04-19,Aston Villa,Newcastle,H,0.40399918384003264,0.2581105896755764,0.3378902264843909,0.07619675010979376
50182,2025-04-20,Fulham,Chelsea,A,0.34738314023172195,0.25349580503395924,0.39912105473431886,0.0661725555342576
50184,2025-04-20,Man United,Wolves,A,0.47368421052631576,0.2631578947368421,0.2631578947368421,0.05555555555555558
50183,2025-04-20,Ipswich,Arsenal,A,0.11775700934579439,0.20934579439252335,0.6728971962616822,0.06150793650793651
50185,2025-04-20,Leicester,Liverpool,A,0.08491564118269392,0.14945152848154128,0.7656328303357648,0.07058122205663198
50186,2025-04-21,Tottenham,Nott'm Forest,A,0.3828316115075915,0.26053818005377755,0.3566302084386309,0.06616917996602956
50187,2025-04-22,Man City,Aston Villa,H,0.5261599210266535,0.23099703849950645,0.24284304047384012,0.055868250990202206
50188,2025-04-23,Arsenal,Crystal Palace,D,0.6750355281856939,0.19895783988630977,0.1260066319279962,0.05814536340852139
50192,2025-04-26,Southampton,Fulham,A,0.17877094972067037,0.2346368715083799,0.5865921787709497,0.06547619047619047
50190,2025-04-26,Brighton,West Ham,H,0.5716905706876048,0.2273150602495952,0.20099436906279997,0.047423949094292706
50189,2025-04-26,Chelsea,Everton,H,0.6075949367088608,0.23544303797468355,0.1569620253164557,0.06182795698924726
50193,2025-04-26,Wolves,Leicester,H,0.6261180679785332,0.22361359570661898,0.15026833631484798,0.06476190476190458
50191,2025-04-26,Newcastle,Ipswich,H,0.8012162051113485,0.12605801627085214,0.07272577861779932,0.05771403737505443
50194,2025-04-27,Bournemouth,Man United,D,0.5590930268675262,0.23342133871719212,0.20748563441528187,0.071024617431803
50195,2025-04-27,Liverpool,Tottenham,H,0.7564469914040115,0.15759312320916904,0.08595988538681948,0.05757575757575761
50196,2025-05-01,Nott'm Forest,Brentford,A,0.43940125543215836,0.269917914051183,0.2906808305166586,0.0585228724763609
50197,2025-05-02,Man City,Wolves,H,0.6750355281856939,0.19895783988630977,0.1260066319279962,0.05814536340852139
50200,2025-05-03,Leicester,Southampton,H,0.41025641025641024,0.2621082621082621,0.3276353276353276,0.05978260869565233
50201,2025-05-03,Arsenal,Bournemouth,A,0.4636078864934587,0.2568638290031325,0.2795282845034089,0.052192795377874246
50199,2025-05-03,Everton,Ipswich,D,0.6418691631412705,0.2149446389272153,0.1431861979315142,0.07444820847703704
50198,2025-05-03,Aston Villa,Fulham,H,0.536097212294496,0.2530378842030021,0.21086490350250175,0.05386064030131843
50203,2025-05-04,Brighton,Newcastle,D,0.32997285769678164,0.25684373788290027,0.4131834044203179,0.052275101188144824
50202,2025-05-04,Brentford,Man United,H,0.5714914533049666,0.22999046291541345,0.19851808377962,0.06048936087446988
50205,2025-05-04,Chelsea,Liverpool,H,0.43963204292832503,0.2554618627826753,0.3049060942889996,0.057967194501328034
50204,2025-05-04,West Ham,Tottenham,D,0.45172802404207363,0.2563861758076634,0.291885800150263,0.05415305415305416
50206,2025-05-05,Crystal Palace,Nott'm Forest,D,0.42285270112708895,0.27982899339292655,0.29731830547998445,0.051062091503268014
50209,2025-05-10,Southampton,Man City,D,0.08595988538681948,0.12607449856733524,0.7879656160458453,0.05757575757575761
50211,2025-05-10,Bournemouth,Aston Villa,A,0.39379474940334136,0.2625298329355609,0.3436754176610979,0.058080808080807955
50210,2025-05-10,Wolves,Brighton,A,0.3507014028056112,0.2705410821643286,0.3787575150300601,0.05608465608465618
50207,2025-05-10,Fulham,Everton,A,0.5155333917379877,0.2759619920479817,0.20850461621403063,0.06579041873159497
50208,2025-05-10,Ipswich,Brentford,A,0.18938307030129126,0.23672883787661403,0.5738880918220947,0.056060606060606144
50214,2025-05-11,Nott'm Forest,Leicester,D,0.7044320516583504,0.17845611975344877,0.11711182858820077,0.06735588972431072
50216,2025-05-11,Liverpool,Arsenal,D,0.47368421052631576,0.2631578947368421,0.2631578947368421,0.05555555555555558
50215,2025-05-11,Tottenham,Crystal Palace,A,0.35938186319530413,0.26254841672323603,0.37806972008145995,0.05800591465990701
50212,2025-05-11,Newcastle,Chelsea,H,0.4469434832756632,0.2502883506343714,0.3027681660899654,0.06543778801843314
50213,2025-05-11,Man United,West Ham,A,0.49930651872399445,0.2635228848821082,0.23717059639389737,0.05409356725146197
50218,2025-05-16,Chelsea,Man United,H,0.6585879873551107,0.1896733403582719,0.15173867228661753,0.054444444444444295
50217,2025-05-16,Aston Villa,Tottenham,H,0.730136005726557,0.15819613457408735,0.11166785969935578,0.05354449472096512
50219,2025-05-18,Everton,Southampton,H,0.6750355281856939,0.19895783988630977,0.1260066319279962,0.05814536340852139
50220,2025-05-18,West Ham,Nott'm Forest,A,0.34343434343434337,0.2861952861952861,0.37037037037037035,0.05882352941176494
50222,2025-05-18,Leicester,Ipswich,H,0.4111855061047657,0.26270185112248917,0.32611264277274515,0.05738797268032658
50221,2025-05-18,Brentford,Fulham,A,0.4949762030671601,0.24241142252776307,0.2626123744050766,0.057748243612118166
50223,2025-05-18,Arsenal,Newcastle,H,0.48684210526315796,0.256578947368421,0.256578947368421,0.053361053361053346
50224,2025-05-19,Brighton,Liverpool,H,0.3630346735157562,0.25170404030425764,0.3852612861799862,0.05944531658817365
50225,2025-05-20,Crystal Palace,Wolves,H,0.41929720071471116,0.2858844550327576,0.2948183442525313,0.0599747474747474
50226,2025-05-20,Man City,Bournemouth,H,0.6144269091716742,0.21994496748639608,0.16562812334192958,0.050021216017931636
50229,2025-05-25,Ipswich,West Ham,A,0.31714719271623676,0.2503793626707132,0.4324734446130501,0.05103668261562988
50230,2025-05-25,Liverpool,Crystal Palace,D,0.6771344455348381,0.15799803729146222,0.1648675171736997,0.054865424430641685
50233,2025-05-25,Nott'm Forest,Chelsea,A,0.3160919540229885,0.25287356321839083,0.4310344827586207,0.05454545454545445
50235,2025-05-25,Tottenham,Brighton,A,0.22519656132407379,0.21843546363997918,0.556367975035947,0.05727741442997525
50236,2025-05-25,Wolves,Brentford,D,0.3531359563693027,0.2576938059992208,0.3891702376314764,0.04880390594676309
50227,2025-05-25,Bournemouth,Leicester,H,0.7093184979137691,0.17969401947148816,0.1109874826147427,0.06000294854784016
50231,2025-05-25,Man United,Aston Villa,H,0.21843546363997918,0.22519656132407379,0.556367975035947,0.05727741442997525
50234,2025-05-25,Southampton,Arsenal,A,0.11166785969935578,0.15819613457408735,0.730136005726557,0.05354449472096512
50228,2025-05-25,Fulham,Man City,A,0.18812989921612544,0.22396416573348263,0.5879059350503919,0.0630952380952381
50232,2025-05-25,Newcastle,Everton,A,0.7151598592626587,0.17293865687624294,0.11190148386109836,0.051344939889831576
